timestamp,lat,lon,BASIN,month,Month Name,Tropical SST,Local SST
1982-02-25 00:00:00,8.6,151.5,WP,2,Feb,27.29319953918457,27.739786
1982-04-07 00:00:00,9.1,154.0,WP,4,Apr,27.804996490478516,28.117264
1982-06-19 00:00:00,7.0,151.3,WP,6,Jun,27.378002166748047,29.292852
1982-07-06 00:00:00,9.1,162.7,WP,7,Jul,26.943525314331055,29.215307
1982-07-12 00:00:00,15.0,135.1,WP,7,Jul,26.943525314331055,29.22506
1982-07-31 00:00:00,16.2,125.1,WP,7,Jul,26.943525314331055,29.462229
1982-08-06 00:00:00,8.4,131.4,WP,8,Aug,26.706768035888672,29.450485
1982-08-06 00:00:00,6.2,155.5,WP,8,Aug,26.706768035888672,29.763784
1982-08-09 00:00:00,9.6,133.7,WP,8,Aug,26.706768035888672,29.37702
1982-08-14 00:00:00,13.8,134.0,WP,8,Aug,26.706768035888672,29.227991
1982-08-19 00:00:00,16.9,115.0,WP,8,Aug,26.706768035888672,28.803638
1982-08-21 00:00:00,3.0,165.3,WP,8,Aug,26.706768035888672,29.452997
1982-09-06 00:00:00,13.4,131.4,WP,9,Sep,26.753124237060547,29.010473
1982-09-27 00:00:00,8.3,115.1,WP,9,Sep,26.753124237060547,28.831713
1982-10-08 00:00:00,11.3,124.8,WP,10,Oct,26.984638214111328,29.083704
1982-10-11 00:00:00,16.1,116.0,WP,10,Oct,26.984638214111328,28.171835
1982-10-14 00:00:00,20.0,160.2,WP,10,Oct,26.984638214111328,27.854029
1982-10-18 00:00:00,12.0,170.0,WP,10,Oct,26.984638214111328,29.102715
1982-10-18 00:00:00,7.4,135.0,WP,10,Oct,26.984638214111328,29.322254
1982-11-26 00:00:00,5.2,151.3,WP,11,Nov,27.146564483642578,29.414463
1982-12-15 00:00:00,-11.3,121.1,SI,12,Dec,27.150012969970703,29.95292
1983-01-04 00:00:00,-7.3,62.0,SI,1,Jan,27.12900161743164,28.51051
1983-01-07 00:00:00,-18.2,180.1,SP,1,Jan,27.12900161743164,27.855991
1983-01-24 00:00:00,-19.0,157.5,SP,1,Jan,27.12900161743164,27.653809
1983-01-26 00:00:00,-9.5,78.8,SI,1,Jan,27.12900161743164,28.338242
1983-01-27 00:00:00,-8.6,135.4,SI,1,Jan,27.12900161743164,29.471655
1983-01-28 00:00:00,-8.7,157.2,SP,1,Jan,27.12900161743164,29.622473
1983-02-11 00:00:00,-16.0,75.0,SI,2,Feb,27.219970703125,27.7854
1983-02-15 00:00:00,-5.9,86.6,SI,2,Feb,27.219970703125,28.59148
1983-02-23 00:00:00,-4.8,84.3,SI,2,Feb,27.219970703125,28.65565
1983-02-26 00:00:00,-12.0,196.1,SP,2,Feb,27.219970703125,29.55898
1983-03-01 00:00:00,-11.4,72.8,SI,3,Mar,27.480377197265625,28.7036
1983-03-14 00:00:00,-14.8,121.4,SI,3,Mar,27.480377197265625,29.741287
1983-03-15 00:00:00,-11.2,180.3,SP,3,Mar,27.480377197265625,29.618774
1983-03-16 00:00:00,9.4,142.7,WP,3,Mar,27.480377197265625,27.751368
1983-03-20 00:00:00,-10.5,164.7,SP,3,Mar,27.480377197265625,29.527332
1983-03-22 00:00:00,-8.0,85.5,SI,3,Mar,27.480377197265625,28.824085
1983-03-25 00:00:00,-6.7,161.3,SP,3,Mar,27.480377197265625,29.670954
1983-04-15 00:00:00,-9.1,195.1,SP,4,Apr,27.712942123413086,29.698383
1983-04-16 00:00:00,-6.0,63.1,SI,4,Apr,27.712942123413086,29.359241
1983-04-19 00:00:00,-15.4,172.2,SP,4,Apr,27.712942123413086,28.708813
1983-05-02 00:00:00,8.0,134.9,WP,5,May,27.68622589111328,29.047085
1983-05-13 00:00:00,-15.5,182.4,SP,5,May,27.68622589111328,27.934956
1983-05-19 00:00:00,5.7,138.9,WP,5,May,27.68622589111328,29.324884
1983-05-22 00:00:00,15.0,118.0,WP,5,May,27.68622589111328,29.226873
1983-06-24 00:00:00,6.0,148.8,WP,6,Jun,27.321414947509766,29.4525
1983-07-01 00:00:00,8.0,184.3,WP,7,Jul,26.89455795288086,28.900051
1983-07-14 00:00:00,17.0,128.3,WP,7,Jul,26.89455795288086,29.284922
1983-07-16 00:00:00,8.3,142.3,WP,7,Jul,26.89455795288086,29.473822
1983-07-21 00:00:00,5.6,161.0,WP,7,Jul,26.89455795288086,29.539133
1983-07-23 00:00:00,15.4,112.2,WP,7,Jul,26.89455795288086,28.747177
1983-07-30 00:00:00,16.8,117.5,WP,7,Jul,26.89455795288086,29.287996
1983-08-07 00:00:00,4.8,163.2,WP,8,Aug,26.67214012145996,29.635818
1983-08-13 00:00:00,5.5,165.7,WP,8,Aug,26.67214012145996,29.645521
1983-08-20 00:00:00,11.3,167.5,WP,8,Aug,26.67214012145996,29.121277
1983-08-27 00:00:00,12.9,139.0,WP,8,Aug,26.67214012145996,29.205463
1983-08-29 00:00:00,19.1,120.5,WP,8,Aug,26.67214012145996,29.304003
1983-09-08 00:00:00,13.2,118.5,WP,9,Sep,26.721994400024414,28.79151
1983-09-12 00:00:00,15.7,117.0,WP,9,Sep,26.721994400024414,28.83044
1983-09-14 00:00:00,24.3,145.1,WP,9,Sep,26.721994400024414,28.188402
1983-09-29 00:00:00,11.1,159.5,WP,9,Sep,26.721994400024414,29.32315
1983-10-14 00:00:00,8.5,148.6,WP,10,Oct,26.954025268554688,29.342316
1983-10-19 00:00:00,13.0,110.9,WP,10,Oct,26.954025268554688,28.093674
1983-10-28 00:00:00,4.2,162.0,WP,10,Oct,26.954025268554688,29.50447
1983-11-19 00:00:00,10.8,120.8,WP,11,Nov,27.126676559448242,28.389492
1983-12-18 00:00:00,-8.7,100.3,SI,12,Dec,27.125995635986328,28.387913
1983-12-18 00:00:00,5.4,153.1,WP,12,Dec,27.125995635986328,29.153528
1983-12-19 00:00:00,-6.2,93.2,SI,12,Dec,27.125995635986328,28.47903
1983-12-23 00:00:00,-8.1,97.9,SI,12,Dec,27.125995635986328,28.371227
1983-12-23 00:00:00,-14.4,127.2,SI,12,Dec,27.125995635986328,30.41743
1984-01-01 00:00:00,-18.1,120.1,SI,1,Jan,27.093273162841797,29.725454
1984-01-25 00:00:00,-12.1,123.4,SI,1,Jan,27.093273162841797,29.712555
1984-01-25 00:00:00,-7.3,62.0,SI,1,Jan,27.093273162841797,28.487438
1984-01-26 00:00:00,-11.1,58.8,SI,1,Jan,27.093273162841797,28.269218
1984-02-13 00:00:00,-10.4,183.7,SP,2,Feb,27.191043853759766,29.783836
1984-02-16 00:00:00,-14.1,70.7,SI,2,Feb,27.191043853759766,28.291876
1984-02-19 00:00:00,-14.1,77.8,SI,2,Feb,27.191043853759766,28.166891
1984-02-27 00:00:00,-11.3,112.2,SI,2,Feb,27.191043853759766,28.822245
1984-03-03 00:00:00,-10.0,109.4,SI,3,Mar,27.4589900970459,29.041475
1984-03-05 00:00:00,-14.9,172.2,SP,3,Mar,27.4589900970459,29.222925
1984-03-06 00:00:00,-16.0,40.6,SI,3,Mar,27.4589900970459,29.18771
1984-03-09 00:00:00,-4.0,173.0,SP,3,Mar,27.4589900970459,29.179943
1984-03-20 00:00:00,-8.3,98.5,SI,3,Mar,27.4589900970459,29.0366
1984-03-28 00:00:00,-11.3,154.3,SP,3,Mar,27.4589900970459,29.530617
1984-04-05 00:00:00,12.0,142.4,WP,4,Apr,27.70416831970215,27.68364
1984-04-07 00:00:00,-11.5,89.5,SI,4,Apr,27.70416831970215,28.295765
1984-04-10 00:00:00,-14.2,124.9,SI,4,Apr,27.70416831970215,29.589132
1984-05-16 00:00:00,-14.2,155.4,SP,5,May,27.654808044433594,27.749125
1984-06-21 00:00:00,20.0,133.3,WP,6,Jun,27.277568817138672,28.273754
1984-06-26 00:00:00,3.2,153.3,WP,6,Jun,27.277568817138672,29.614414
1984-07-20 00:00:00,13.8,133.3,WP,7,Jul,26.842958450317383,29.314
1984-07-24 00:00:00,18.9,115.8,WP,7,Jul,26.842958450317383,28.943201
1984-07-25 00:00:00,16.1,138.2,WP,7,Jul,26.842958450317383,29.109802
1984-07-28 00:00:00,13.3,138.4,WP,7,Jul,26.842958450317383,29.196512
1984-08-06 00:00:00,9.8,183.2,WP,8,Aug,26.610918045043945,28.972733
1984-08-11 00:00:00,24.2,125.8,WP,8,Aug,26.610918045043945,29.140726
1984-08-14 00:00:00,20.5,129.9,WP,8,Aug,26.610918045043945,29.114815
1984-08-21 00:00:00,10.9,161.8,WP,8,Aug,26.610918045043945,29.3921
1984-08-26 00:00:00,19.3,151.5,WP,8,Aug,26.610918045043945,28.86416
1984-08-27 00:00:00,14.6,141.1,WP,8,Aug,26.610918045043945,29.235012
1984-08-27 00:00:00,19.3,117.0,WP,8,Aug,26.610918045043945,29.09409
1984-08-29 00:00:00,9.9,111.2,WP,8,Aug,26.610918045043945,28.4399
1984-09-06 00:00:00,13.2,146.8,WP,9,Sep,26.66199493408203,29.242498
1984-09-08 00:00:00,18.2,129.4,WP,9,Sep,26.66199493408203,29.075521
1984-09-18 00:00:00,19.5,124.0,WP,9,Sep,26.66199493408203,29.003849
1984-09-18 00:00:00,15.3,135.3,WP,9,Sep,26.66199493408203,29.126919
1984-09-23 00:00:00,11.5,115.6,WP,9,Sep,26.66199493408203,28.51186
1984-09-27 00:00:00,8.2,154.2,WP,9,Sep,26.66199493408203,29.775776
1984-10-26 00:00:00,16.1,116.0,WP,10,Oct,26.898571014404297,28.014795
1984-11-01 00:00:00,-8.6,75.0,SI,11,Nov,27.072053909301758,27.515816
1984-11-13 00:00:00,9.9,140.8,WP,11,Nov,27.072053909301758,28.926828
1984-11-14 00:00:00,4.4,156.1,WP,11,Nov,27.072053909301758,29.517843
1984-11-24 00:00:00,-11.3,138.3,SI,11,Nov,27.072053909301758,28.007116
1984-11-29 00:00:00,5.9,141.0,WP,11,Nov,27.072053909301758,29.353603
1984-12-03 00:00:00,-14.8,131.4,SI,12,Dec,27.074583053588867,31.469543
1984-12-07 00:00:00,-7.8,91.5,SI,12,Dec,27.074583053588867,28.047293
1984-12-16 00:00:00,-13.3,126.7,SI,12,Dec,27.074583053588867,30.187134
1984-12-23 00:00:00,-7.5,103.7,SI,12,Dec,27.074583053588867,28.594637
1985-01-06 00:00:00,-16.6,62.2,SI,1,Jan,27.07468605041504,27.64808
1985-01-10 00:00:00,-11.1,58.5,SI,1,Jan,27.07468605041504,28.251448
1985-02-05 00:00:00,-10.0,118.0,SI,2,Feb,27.179964065551758,28.949543
1985-02-07 00:00:00,-7.6,84.1,SI,2,Feb,27.179964065551758,28.551199
1985-02-10 00:00:00,-12.6,124.3,SI,2,Feb,27.179964065551758,29.303492
1985-02-13 00:00:00,-8.2,132.3,SI,2,Feb,27.179964065551758,28.9548
1985-02-21 00:00:00,-11.0,92.0,SI,2,Feb,27.179964065551758,28.676746
1985-02-22 00:00:00,-8.9,60.1,SI,2,Feb,27.179964065551758,28.51949
1985-02-28 00:00:00,-5.4,70.4,SI,2,Feb,27.179964065551758,28.657888
1985-03-12 00:00:00,-13.2,55.4,SI,3,Mar,27.451528549194336,28.766075
1985-03-17 00:00:00,-11.3,154.3,SP,3,Mar,27.451528549194336,29.5898
1985-03-26 00:00:00,-10.5,214.9,SP,3,Mar,27.451528549194336,29.350636
1985-06-02 00:00:00,14.8,115.0,WP,6,Jun,27.321123123168945,29.083397
1985-06-19 00:00:00,-10.9,183.1,SP,6,Jun,27.321123123168945,28.824085
1985-06-25 00:00:00,18.7,134.0,WP,6,Jun,27.321123123168945,28.480562
1985-07-11 00:00:00,14.6,126.2,WP,7,Jul,26.89966583251953,29.268341
1985-07-14 00:00:00,19.7,126.5,WP,7,Jul,26.89966583251953,29.014631
1985-08-03 00:00:00,16.3,146.5,WP,8,Aug,26.68486976623535,29.002934
1985-08-11 00:00:00,8.1,140.6,WP,8,Aug,26.68486976623535,29.561794
1985-08-17 00:00:00,17.5,141.4,WP,8,Aug,26.68486976623535,29.039532
1985-08-21 00:00:00,16.3,134.2,WP,8,Aug,26.68486976623535,29.068048
1985-08-24 00:00:00,8.5,152.9,WP,8,Aug,26.68486976623535,29.554625
1985-08-28 00:00:00,8.6,166.9,WP,8,Aug,26.68486976623535,29.47735
1985-09-10 00:00:00,17.0,144.7,WP,9,Sep,26.751209259033203,29.069548
1985-09-25 00:00:00,20.3,152.2,WP,9,Sep,26.751209259033203,28.67568
1985-10-02 00:00:00,10.1,150.8,WP,10,Oct,26.989816665649414,29.330914
1985-10-03 00:00:00,18.7,134.0,WP,10,Oct,26.989816665649414,28.463446
1985-10-18 00:00:00,-14.4,126.4,SI,10,Oct,26.989816665649414,28.176207
1985-10-31 00:00:00,4.3,152.3,WP,10,Oct,26.989816665649414,29.621597
1985-10-31 00:00:00,7.0,155.0,WP,10,Oct,26.989816665649414,29.611717
1985-11-02 00:00:00,9.1,140.8,WP,11,Nov,27.1633243560791,29.124271
1985-11-11 00:00:00,4.6,173.3,WP,11,Nov,27.1633243560791,29.197561
1985-11-26 00:00:00,6.7,140.9,WP,11,Nov,27.1633243560791,29.436235
1985-12-03 00:00:00,-13.3,162.0,SP,12,Dec,27.17828941345215,28.43695
1985-12-29 00:00:00,-15.0,170.0,SP,12,Dec,27.17828941345215,28.039661
1986-01-15 00:00:00,-10.7,66.9,SI,1,Jan,27.159564971923828,28.550308
1986-01-21 00:00:00,-19.0,157.5,SP,1,Jan,27.159564971923828,27.508387
1986-01-21 00:00:00,-12.5,125.3,SI,1,Jan,27.159564971923828,30.056993
1986-01-28 00:00:00,-9.1,195.1,SP,1,Jan,27.159564971923828,29.638834
1986-01-29 00:00:00,-15.8,121.0,SI,1,Jan,27.159564971923828,29.893705
1986-02-02 00:00:00,-10.0,82.1,SI,2,Feb,27.26127815246582,28.724463
1986-02-04 00:00:00,-11.7,63.2,SI,2,Feb,27.26127815246582,28.673594
1986-02-18 00:00:00,-10.0,132.7,SI,2,Feb,27.26127815246582,29.38229
1986-03-04 00:00:00,-13.0,114.1,SI,3,Mar,27.53313446044922,29.294775
1986-03-05 00:00:00,-12.9,58.0,SI,3,Mar,27.53313446044922,28.872135
1986-03-11 00:00:00,-10.0,82.1,SI,3,Mar,27.53313446044922,28.88729
1986-03-20 00:00:00,-5.7,75.9,SI,3,Mar,27.53313446044922,29.140295
1986-03-28 00:00:00,-13.4,66.5,SI,3,Mar,27.53313446044922,28.75095
1986-03-31 00:00:00,-14.6,155.6,SP,3,Mar,27.53313446044922,29.220383
1986-04-06 00:00:00,-12.0,185.3,SP,4,Apr,27.785688400268555,29.643042
1986-05-04 00:00:00,10.1,154.3,WP,5,May,27.73366928100586,28.260279
1986-05-26 00:00:00,11.1,147.0,WP,5,May,27.73366928100586,28.18483
1986-06-18 00:00:00,9.0,161.4,WP,6,Jun,27.36025047302246,28.796686
1986-07-05 00:00:00,10.0,149.7,WP,7,Jul,26.919952392578125,29.227636
1986-07-07 00:00:00,25.2,124.4,WP,7,Jul,26.919952392578125,28.407755
1986-07-08 00:00:00,15.2,137.3,WP,7,Jul,26.919952392578125,29.16652
1986-07-08 00:00:00,8.6,142.8,WP,7,Jul,26.919952392578125,29.436075
1986-07-22 00:00:00,7.8,132.4,WP,7,Jul,26.919952392578125,29.605658
1986-07-26 00:00:00,20.1,151.1,WP,7,Jul,26.919952392578125,28.342228
1986-08-02 00:00:00,19.7,126.6,WP,8,Aug,26.686046600341797,29.203766
1986-08-03 00:00:00,16.2,148.2,WP,8,Aug,26.686046600341797,29.091043
1986-08-07 00:00:00,3.8,178.6,WP,8,Aug,26.686046600341797,28.88342
1986-08-15 00:00:00,11.3,160.3,WP,8,Aug,26.686046600341797,29.305029
1986-08-16 00:00:00,5.7,140.5,WP,8,Aug,26.686046600341797,29.753576
1986-08-27 00:00:00,15.4,149.1,WP,8,Aug,26.686046600341797,29.101206
1986-08-27 00:00:00,17.0,146.4,WP,8,Aug,26.686046600341797,29.089266
1986-09-08 00:00:00,23.5,149.9,WP,9,Sep,26.732654571533203,28.323751
1986-09-13 00:00:00,13.2,120.9,WP,9,Sep,26.732654571533203,29.105558
1986-09-19 00:00:00,8.6,141.0,WP,9,Sep,26.732654571533203,29.518015
1986-09-22 00:00:00,18.0,119.6,WP,9,Sep,26.732654571533203,29.22042
1986-09-25 00:00:00,18.8,145.7,WP,9,Sep,26.732654571533203,28.997004
1986-10-10 00:00:00,8.5,163.5,WP,10,Oct,26.963584899902344,29.606148
1986-11-29 00:00:00,6.0,174.1,WP,11,Nov,27.124738693237305,29.377441
1986-12-07 00:00:00,-10.7,78.4,SI,12,Dec,27.129013061523438,27.689816
1986-12-21 00:00:00,-12.3,53.7,SI,12,Dec,27.129013061523438,27.729118
1986-12-24 00:00:00,-9.8,145.3,SP,12,Dec,27.129013061523438,28.38387
1986-12-26 00:00:00,-7.5,69.2,SI,12,Dec,27.129013061523438,28.370712
1986-12-30 00:00:00,10.5,127.5,WP,12,Dec,27.129013061523438,27.90919
1987-01-05 00:00:00,-20.1,41.8,SI,1,Jan,27.11357307434082,29.23284
1987-01-08 00:00:00,-9.6,77.5,SI,1,Jan,27.11357307434082,28.4192
1987-01-19 00:00:00,-14.0,126.0,SI,1,Jan,27.11357307434082,30.209164
1987-01-20 00:00:00,-12.0,101.2,SI,1,Jan,27.11357307434082,28.502234
1987-01-21 00:00:00,-10.0,109.4,SI,1,Jan,27.11357307434082,28.973026
1987-01-22 00:00:00,-12.0,64.0,SI,1,Jan,27.11357307434082,28.480997
1987-02-14 00:00:00,-13.2,95.6,SI,2,Feb,27.220664978027344,28.250534
1987-02-25 00:00:00,-11.4,156.1,SP,2,Feb,27.220664978027344,29.482065
1987-03-01 00:00:00,-10.3,178.8,SP,3,Mar,27.491018295288086,29.710276
1987-03-15 00:00:00,-10.3,101.7,SI,3,Mar,27.491018295288086,29.012833
1987-03-17 00:00:00,-10.7,82.1,SI,3,Mar,27.491018295288086,28.68137
1987-03-18 00:00:00,-4.2,158.1,SP,3,Mar,27.491018295288086,29.593435
1987-03-30 00:00:00,-15.3,182.4,SP,3,Mar,27.491018295288086,29.286947
1987-04-13 00:00:00,-13.4,81.0,SI,4,Apr,27.761043548583984,28.074001
1987-04-15 00:00:00,-20.3,41.1,SI,4,Apr,27.761043548583984,28.496063
1987-04-24 00:00:00,-10.6,149.3,SP,4,Apr,27.761043548583984,28.986347
1987-04-30 00:00:00,-12.5,72.0,SI,4,Apr,27.761043548583984,28.467167
1987-06-15 00:00:00,6.0,136.1,WP,6,Jun,27.348779678344727,29.812265
1987-06-17 00:00:00,13.6,130.5,WP,6,Jun,27.348779678344727,29.27802
1987-06-28 00:00:00,19.6,129.4,WP,6,Jun,27.348779678344727,28.585068
1987-07-05 00:00:00,6.0,152.0,WP,7,Jul,26.92449188232422,29.660446
1987-07-08 00:00:00,14.7,128.0,WP,7,Jul,26.92449188232422,29.4573
1987-07-14 00:00:00,9.6,126.1,WP,7,Jul,26.92449188232422,29.634712
1987-07-20 00:00:00,8.1,160.9,WP,7,Jul,26.92449188232422,29.395285
1987-08-08 00:00:00,6.0,148.8,WP,8,Aug,26.699338912963867,29.648838
1987-08-19 00:00:00,9.1,161.4,WP,8,Aug,26.699338912963867,29.575266
1987-08-21 00:00:00,14.3,134.7,WP,8,Aug,26.699338912963867,29.22463
1987-08-22 00:00:00,23.7,142.7,WP,8,Aug,26.699338912963867,28.462467
1987-08-26 00:00:00,10.6,159.2,WP,8,Aug,26.699338912963867,29.394405
1987-09-03 00:00:00,7.0,151.3,WP,9,Sep,26.75627326965332,29.684109
1987-09-13 00:00:00,18.7,116.8,WP,9,Sep,26.75627326965332,29.067408
1987-09-15 00:00:00,9.0,161.4,WP,9,Sep,26.75627326965332,29.677761
1987-09-16 00:00:00,13.7,160.8,WP,9,Sep,26.75627326965332,29.246853
1987-09-23 00:00:00,13.0,147.3,WP,9,Sep,26.75627326965332,29.215357
1987-09-27 00:00:00,13.4,113.5,WP,9,Sep,26.75627326965332,28.592657
1987-10-02 00:00:00,8.5,138.9,WP,10,Oct,26.994525909423828,29.44165
1987-10-09 00:00:00,16.7,139.4,WP,10,Oct,26.994525909423828,28.957895
1987-10-13 00:00:00,14.3,134.7,WP,10,Oct,26.994525909423828,29.105724
1987-10-15 00:00:00,19.4,146.0,WP,10,Oct,26.994525909423828,28.562084
1987-10-20 00:00:00,9.9,171.1,WP,10,Oct,26.994525909423828,29.47259
1987-10-23 00:00:00,10.6,143.9,WP,10,Oct,26.994525909423828,29.31549
1987-11-21 00:00:00,9.9,111.2,WP,11,Nov,27.163461685180664,27.909777
1987-11-27 00:00:00,13.1,133.4,WP,11,Nov,27.163461685180664,28.544626
1987-12-03 00:00:00,-8.3,98.5,SI,12,Dec,27.184465408325195,28.313593
1988-01-10 00:00:00,-8.4,96.3,SI,1,Jan,27.1586856842041,28.827616
1988-01-10 00:00:00,-13.7,64.7,SI,1,Jan,27.1586856842041,28.163198
1988-01-10 00:00:00,-6.1,128.6,SI,1,Jan,27.1586856842041,29.346838
1988-01-11 00:00:00,-3.8,88.0,SI,1,Jan,27.1586856842041,28.790148
1988-01-11 00:00:00,-14.0,126.0,SI,1,Jan,27.1586856842041,30.19871
1988-01-23 00:00:00,-10.0,155.0,SP,1,Jan,27.1586856842041,29.670368
1988-01-29 00:00:00,-8.3,98.5,SI,1,Jan,27.1586856842041,28.870102
1988-02-02 00:00:00,-14.3,180.0,SP,2,Feb,27.278766632080078,29.425121
1988-02-07 00:00:00,-10.7,74.7,SI,2,Feb,27.278766632080078,28.741364
1988-02-09 00:00:00,-10.5,214.9,SP,2,Feb,27.278766632080078,29.226925
1988-02-15 00:00:00,-16.4,79.4,SI,2,Feb,27.278766632080078,27.615772
1988-02-25 00:00:00,-11.6,72.2,SI,2,Feb,27.278766632080078,28.701466
1988-02-29 00:00:00,-17.0,180.6,SP,2,Feb,27.278766632080078,28.976908
1988-02-29 00:00:00,-19.5,150.7,SP,2,Feb,27.278766632080078,28.274202
1988-03-01 00:00:00,-12.5,104.5,SI,3,Mar,27.541484832763672,29.056513
1988-03-06 00:00:00,-16.2,178.4,SP,3,Mar,27.541484832763672,29.133581
1988-03-13 00:00:00,-9.0,112.0,SI,3,Mar,27.541484832763672,29.24351
1988-03-26 00:00:00,-15.4,172.1,SP,3,Mar,27.541484832763672,29.323093
1988-04-03 00:00:00,-7.5,88.5,SI,4,Apr,27.789426803588867,29.158575
1988-04-15 00:00:00,-10.7,82.1,SI,4,Apr,27.789426803588867,28.549786
1988-05-06 00:00:00,-9.9,135.7,SI,5,May,27.742523193359375,28.580622
1988-05-24 00:00:00,6.5,175.5,WP,5,May,27.742523193359375,28.779505
1988-06-26 00:00:00,13.3,149.2,WP,6,Jun,27.378190994262695,28.405304
1988-06-29 00:00:00,18.8,145.7,WP,6,Jun,27.378190994262695,28.057943
1988-07-01 00:00:00,12.1,147.3,WP,7,Jul,26.955421447753906,29.142365
1988-07-07 00:00:00,14.2,149.3,WP,7,Jul,26.955421447753906,28.9198
1988-07-29 00:00:00,10.1,156.1,WP,7,Jul,26.955421447753906,29.290384
1988-08-07 00:00:00,9.1,140.7,WP,8,Aug,26.748214721679688,29.562801
1988-08-19 00:00:00,14.8,117.9,WP,8,Aug,26.748214721679688,29.132664
1988-08-19 00:00:00,10.1,154.3,WP,8,Aug,26.748214721679688,29.593433
1988-08-29 00:00:00,11.8,193.3,WP,8,Aug,26.748214721679688,28.414623
1988-09-25 00:00:00,10.0,145.3,WP,9,Sep,26.801422119140625,29.517252
1988-09-28 00:00:00,5.0,176.5,WP,9,Sep,26.801422119140625,29.458588
1988-10-02 00:00:00,5.5,138.7,WP,10,Oct,27.047454833984375,29.593958
1988-10-03 00:00:00,15.3,135.3,WP,10,Oct,27.047454833984375,29.048105
1988-10-28 00:00:00,14.3,128.8,WP,10,Oct,27.047454833984375,28.998096
1988-11-02 00:00:00,4.8,142.1,WP,11,Nov,27.21451187133789,29.688095
1988-11-05 00:00:00,-10.1,178.0,SP,11,Nov,27.21451187133789,29.295597
1988-11-24 00:00:00,-15.4,128.0,SI,11,Nov,27.21451187133789,30.242945
1988-11-25 00:00:00,-14.6,134.4,SI,11,Nov,27.21451187133789,28.545084
1988-12-05 00:00:00,-7.6,168.9,SP,12,Dec,27.213165283203125,29.847168
1989-01-01 00:00:00,-10.0,166.9,SP,1,Jan,27.208316802978516,29.72034
1989-01-17 00:00:00,-11.0,92.0,SI,1,Jan,27.208316802978516,28.357615
1989-01-21 00:00:00,8.3,142.3,WP,1,Jan,27.208316802978516,28.345652
1989-01-31 00:00:00,-12.4,119.2,SI,1,Jan,27.208316802978516,29.799738
1989-02-01 00:00:00,-22.6,36.2,SI,2,Feb,27.328880310058594,28.38489
1989-02-02 00:00:00,-8.6,135.4,SI,2,Feb,27.328880310058594,29.463675
1989-02-06 00:00:00,-7.0,97.5,SI,2,Feb,27.328880310058594,28.982056
1989-02-16 00:00:00,-10.3,172.1,SP,2,Feb,27.328880310058594,29.82335
1989-02-26 00:00:00,-13.5,185.5,SP,2,Feb,27.328880310058594,29.622944
1989-02-26 00:00:00,-14.3,180.0,SP,2,Feb,27.328880310058594,29.412657
1989-03-06 00:00:00,-5.3,188.7,SP,3,Mar,27.59776496887207,29.063889
1989-03-08 00:00:00,-14.9,170.8,SP,3,Mar,27.59776496887207,29.290497
1989-03-26 00:00:00,-17.6,151.4,SP,3,Mar,27.59776496887207,28.517248
1989-03-28 00:00:00,-6.0,63.1,SI,3,Mar,27.59776496887207,29.185577
1989-04-14 00:00:00,-12.8,85.1,SI,4,Apr,27.854290008544922,28.278854
1989-04-16 00:00:00,-12.0,118.5,SI,4,Apr,27.854290008544922,29.527359
1989-04-23 00:00:00,-10.6,79.7,SI,4,Apr,27.854290008544922,28.686829
1989-05-15 00:00:00,4.8,174.8,WP,5,May,27.803138732910156,28.814993
1989-06-12 00:00:00,8.2,139.3,WP,6,Jun,27.438737869262695,29.637363
1989-06-26 00:00:00,20.5,144.8,WP,6,Jun,27.438737869262695,27.958796
1989-06-28 00:00:00,20.0,146.2,WP,6,Jun,27.438737869262695,28.003454
1989-07-02 00:00:00,13.0,160.7,WP,7,Jul,27.015087127685547,28.67878
1989-07-10 00:00:00,10.0,152.0,WP,7,Jul,27.015087127685547,29.296597
1989-07-12 00:00:00,22.3,141.3,WP,7,Jul,27.015087127685547,28.668238
1989-07-18 00:00:00,11.4,162.5,WP,7,Jul,27.015087127685547,28.901085
1989-07-25 00:00:00,23.5,144.3,WP,7,Jul,27.015087127685547,28.315317
1989-07-27 00:00:00,14.3,128.8,WP,7,Jul,27.015087127685547,29.449875
1989-08-03 00:00:00,20.0,111.2,WP,8,Aug,26.79180335998535,29.088785
1989-08-03 00:00:00,15.4,133.8,WP,8,Aug,26.79180335998535,29.256256
1989-08-03 00:00:00,6.6,137.8,WP,8,Aug,26.79180335998535,29.756308
1989-08-03 00:00:00,13.4,146.4,WP,8,Aug,26.79180335998535,29.29073
1989-08-05 00:00:00,8.3,139.2,WP,8,Aug,26.79180335998535,29.630747
1989-09-16 00:00:00,19.3,137.6,WP,9,Sep,26.844995498657227,29.242428
1989-09-22 00:00:00,21.7,150.1,WP,9,Sep,26.844995498657227,28.706217
1989-09-29 00:00:00,17.6,113.3,WP,9,Sep,26.844995498657227,28.897287
1989-10-08 00:00:00,8.7,137.9,WP,10,Oct,27.07500648498535,29.49938
1989-10-29 00:00:00,16.1,124.5,WP,10,Oct,27.07500648498535,28.671284
1989-11-01 00:00:00,14.0,167.5,WP,11,Nov,27.25968360900879,28.094246
1989-11-07 00:00:00,8.6,141.0,WP,11,Nov,27.25968360900879,29.355326
1989-12-08 00:00:00,-16.5,161.7,SP,12,Dec,27.27742576599121,27.886908
1989-12-09 00:00:00,-11.9,102.0,SI,12,Dec,27.27742576599121,28.086956
1989-12-12 00:00:00,-11.0,149.6,SP,12,Dec,27.27742576599121,28.612276
1989-12-22 00:00:00,-12.1,100.0,SI,12,Dec,27.27742576599121,27.677366
1990-01-07 00:00:00,-9.0,133.0,SI,1,Jan,27.24725341796875,29.526785
1990-01-17 00:00:00,8.0,145.0,WP,1,Jan,27.24725341796875,28.49599
1990-02-10 00:00:00,-19.5,42.3,SI,2,Feb,27.35922622680664,29.48198
1990-03-14 00:00:00,-11.8,62.0,SI,3,Mar,27.635822296142578,29.064447
1990-03-15 00:00:00,-4.9,79.4,SI,3,Mar,27.635822296142578,29.310085
1990-03-24 00:00:00,-14.2,155.4,SP,3,Mar,27.635822296142578,29.435463
1990-04-14 00:00:00,-17.1,118.6,SI,4,Apr,27.90380096435547,29.519558
1990-04-17 00:00:00,-10.1,178.0,SP,4,Apr,27.90380096435547,30.016504
1990-04-21 00:00:00,-8.6,75.0,SI,4,Apr,27.90380096435547,29.080114
1990-04-22 00:00:00,-4.5,85.5,SI,4,Apr,27.90380096435547,29.652887
1990-04-26 00:00:00,-15.0,115.3,SI,4,Apr,27.90380096435547,29.35715
1990-05-21 00:00:00,5.0,139.1,WP,5,May,27.87064552307129,29.730536
1990-05-24 00:00:00,7.6,154.9,WP,5,May,27.87064552307129,29.055593
1990-06-17 00:00:00,13.8,134.0,WP,6,Jun,27.499773025512695,29.308609
1990-07-02 00:00:00,11.9,138.0,WP,7,Jul,27.059846878051758,29.529194
1990-07-20 00:00:00,14.3,138.6,WP,7,Jul,27.059846878051758,29.380228
1990-08-01 00:00:00,7.0,155.0,WP,8,Aug,26.83203887939453,29.859896
1990-08-03 00:00:00,8.6,141.0,WP,8,Aug,26.83203887939453,29.682352
1990-08-05 00:00:00,12.6,146.1,WP,8,Aug,26.83203887939453,29.439037
1990-08-08 00:00:00,17.1,115.9,WP,8,Aug,26.83203887939453,29.106165
1990-08-21 00:00:00,5.5,165.7,WP,8,Aug,26.83203887939453,29.81368
1990-08-23 00:00:00,10.1,136.0,WP,8,Aug,26.83203887939453,29.575918
1990-08-27 00:00:00,17.1,118.6,WP,8,Aug,26.83203887939453,29.30897
1990-08-29 00:00:00,18.7,126.7,WP,8,Aug,26.83203887939453,29.43492
1990-09-01 00:00:00,7.3,149.8,WP,9,Sep,26.892911911010742,29.815262
1990-09-08 00:00:00,20.1,151.1,WP,9,Sep,26.892911911010742,28.829601
1990-09-21 00:00:00,11.0,130.5,WP,9,Sep,26.892911911010742,29.292652
1990-09-22 00:00:00,15.4,112.2,WP,9,Sep,26.892911911010742,28.790482
1990-09-25 00:00:00,7.6,154.9,WP,9,Sep,26.892911911010742,29.841074
1990-09-28 00:00:00,8.3,148.1,WP,9,Sep,26.892911911010742,29.698206
1990-09-28 00:00:00,8.4,131.4,WP,9,Sep,26.892911911010742,29.45901
1990-09-28 00:00:00,10.6,159.2,WP,9,Sep,26.892911911010742,29.575918
1990-10-13 00:00:00,-8.2,132.3,SI,10,Oct,27.14068603515625,27.512426
1990-10-16 00:00:00,15.2,140.1,WP,10,Oct,27.14068603515625,29.150686
1990-10-20 00:00:00,15.1,154.8,WP,10,Oct,27.14068603515625,28.960104
1990-10-23 00:00:00,5.7,138.9,WP,10,Oct,27.14068603515625,29.738937
1990-10-24 00:00:00,10.0,148.2,WP,10,Oct,27.14068603515625,29.467413
1990-10-24 00:00:00,-8.3,154.6,SP,10,Oct,27.14068603515625,28.423422
1990-10-28 00:00:00,13.1,159.3,WP,10,Oct,27.14068603515625,29.094206
1990-10-28 00:00:00,-12.3,117.7,SI,10,Oct,27.14068603515625,28.08631
1990-11-16 00:00:00,9.1,162.7,WP,11,Nov,27.315393447875977,29.245874
1990-11-19 00:00:00,-14.5,170.0,SP,11,Nov,27.315393447875977,27.681997
1990-12-13 00:00:00,-11.0,133.0,SI,12,Dec,27.335693359375,29.90738
1990-12-26 00:00:00,12.0,145.3,WP,12,Dec,27.335693359375,28.017208
1991-01-21 00:00:00,-11.9,66.8,SI,1,Jan,27.317169189453125,28.574636
1991-01-26 00:00:00,-13.2,55.4,SI,1,Jan,27.317169189453125,28.466558
1991-01-26 00:00:00,-17.6,151.4,SP,1,Jan,27.317169189453125,28.411402
1991-01-30 00:00:00,-13.6,177.0,SP,1,Jan,27.317169189453125,29.372416
1991-02-02 00:00:00,-8.0,65.0,SI,2,Feb,27.429397583007812,28.95956
1991-02-03 00:00:00,-6.8,77.9,SI,2,Feb,27.429397583007812,29.00005
1991-02-06 00:00:00,-3.8,88.0,SI,2,Feb,27.429397583007812,29.113642
1991-02-17 00:00:00,-17.4,147.8,SP,2,Feb,27.429397583007812,28.837004
1991-02-28 00:00:00,-11.9,119.3,SI,2,Feb,27.429397583007812,29.49921
1991-03-05 00:00:00,-16.6,112.3,SI,3,Mar,27.710233688354492,28.961477
1991-03-06 00:00:00,-17.4,149.0,SP,3,Mar,27.710233688354492,28.600498
1991-03-15 00:00:00,-9.8,85.0,SI,3,Mar,27.710233688354492,29.082626
1991-03-16 00:00:00,-14.5,150.2,SP,3,Mar,27.710233688354492,29.214893
1991-03-19 00:00:00,-11.9,110.2,SI,3,Mar,27.710233688354492,29.4194
1991-03-20 00:00:00,-16.9,195.8,SP,3,Mar,27.710233688354492,29.12429
1991-03-27 00:00:00,-11.6,85.7,SI,3,Mar,27.710233688354492,28.828983
1991-04-08 00:00:00,-13.4,76.0,SI,4,Apr,27.9638671875,28.41105
1991-04-12 00:00:00,-10.5,99.2,SI,4,Apr,27.9638671875,29.190958
1991-04-17 00:00:00,-14.9,203.4,SP,4,Apr,27.9638671875,29.143684
1991-04-25 00:00:00,-16.5,112.9,SI,4,Apr,27.9638671875,29.069046
1991-07-04 00:00:00,24.8,121.6,WP,7,Jul,27.0933837890625,28.537865
1991-07-17 00:00:00,8.3,142.3,WP,7,Jul,27.0933837890625,29.70326
1991-07-23 00:00:00,5.5,162.4,WP,7,Jul,27.0933837890625,29.731264
1991-08-17 00:00:00,10.1,157.8,WP,8,Aug,26.831022262573242,29.605902
1991-08-20 00:00:00,16.2,133.3,WP,8,Aug,26.831022262573242,29.279438
1991-08-31 00:00:00,7.9,142.4,WP,8,Aug,26.831022262573242,29.660877
1991-08-31 00:00:00,7.1,140.2,WP,8,Aug,26.831022262573242,29.73028
1991-09-01 00:00:00,8.8,137.6,WP,9,Sep,26.82674789428711,29.39535
1991-09-06 00:00:00,17.1,117.2,WP,9,Sep,26.82674789428711,29.00253
1991-09-07 00:00:00,4.9,138.0,WP,9,Sep,26.82674789428711,29.696106
1991-09-10 00:00:00,-6.2,85.4,SI,9,Sep,26.82674789428711,27.698002
1991-09-19 00:00:00,15.9,142.7,WP,9,Sep,26.82674789428711,29.16851
1991-09-22 00:00:00,4.8,174.8,WP,9,Sep,26.82674789428711,29.483301
1991-09-24 00:00:00,9.5,157.8,WP,9,Sep,26.82674789428711,29.657516
1991-09-28 00:00:00,7.1,153.0,WP,9,Sep,26.82674789428711,29.747812
1991-10-05 00:00:00,10.5,110.8,WP,10,Oct,27.007732391357422,28.392822
1991-10-06 00:00:00,13.4,155.0,WP,10,Oct,27.007732391357422,28.944302
1991-10-09 00:00:00,9.3,131.8,WP,10,Oct,27.007732391357422,29.163641
1991-10-17 00:00:00,21.3,125.8,WP,10,Oct,27.007732391357422,27.620611
1991-10-18 00:00:00,17.2,126.7,WP,10,Oct,27.007732391357422,28.496262
1991-10-20 00:00:00,9.3,172.3,WP,10,Oct,27.007732391357422,29.498674
1991-12-18 00:00:00,-9.6,77.5,SI,12,Dec,27.10247039794922,27.840422
1991-12-26 00:00:00,-12.0,165.0,SP,12,Dec,27.10247039794922,29.030071
1991-12-28 00:00:00,-21.3,40.7,SI,12,Dec,27.10247039794922,28.100412
1992-01-01 00:00:00,-17.6,156.4,SP,1,Jan,27.03958511352539,28.107122
1992-01-04 00:00:00,-5.1,90.1,SI,1,Jan,27.03958511352539,28.594482
1992-01-07 00:00:00,-20.6,42.7,SI,1,Jan,27.03958511352539,29.20082
1992-01-26 00:00:00,-4.0,170.0,SP,1,Jan,27.03958511352539,29.52963
1992-01-31 00:00:00,-20.6,42.7,SI,1,Jan,27.03958511352539,29.20082
1992-02-12 00:00:00,-14.9,149.7,SP,2,Feb,27.115354537963867,28.952242
1992-02-13 00:00:00,-18.0,122.0,SI,2,Feb,27.115354537963867,29.955378
1992-02-16 00:00:00,-11.8,49.1,SI,2,Feb,27.115354537963867,28.364344
1992-02-18 00:00:00,-17.3,118.5,SI,2,Feb,27.115354537963867,29.293707
1992-02-20 00:00:00,-9.9,96.8,SI,2,Feb,27.115354537963867,28.816849
1992-02-21 00:00:00,-7.3,53.0,SI,2,Feb,27.115354537963867,28.457342
1992-02-21 00:00:00,-15.0,137.1,SI,2,Feb,27.115354537963867,30.228859
1992-03-01 00:00:00,-11.1,169.7,SP,3,Mar,27.369571685791016,29.560484
1992-03-14 00:00:00,-13.6,177.0,SP,3,Mar,27.369571685791016,29.462109
1992-03-17 00:00:00,8.1,140.6,WP,3,Mar,27.369571685791016,28.073359
1992-03-20 00:00:00,5.2,151.4,WP,3,Mar,27.369571685791016,28.639454
1992-03-27 00:00:00,-9.6,155.0,SP,3,Mar,27.369571685791016,29.546415
1992-04-04 00:00:00,-11.0,155.0,SP,4,Apr,27.61637306213379,29.131987
1992-04-19 00:00:00,-10.3,98.7,SI,4,Apr,27.61637306213379,28.79701
1992-05-04 00:00:00,-11.9,168.3,SP,5,May,27.57259178161621,28.745678
1992-06-14 00:00:00,10.7,120.3,WP,6,Jun,27.22774887084961,29.46635
1992-07-08 00:00:00,16.7,132.9,WP,7,Jul,26.805313110351562,28.973944
1992-07-26 00:00:00,19.7,126.6,WP,7,Jul,26.805313110351562,28.8612
1992-07-31 00:00:00,9.2,159.2,WP,7,Jul,26.805313110351562,29.122961
1992-08-01 00:00:00,21.1,113.1,WP,8,Aug,26.58238983154297,28.638601
1992-08-12 00:00:00,8.5,144.0,WP,8,Aug,26.58238983154297,29.316568
1992-08-19 00:00:00,10.0,132.3,WP,8,Aug,26.58238983154297,29.150965
1992-08-21 00:00:00,11.5,131.9,WP,8,Aug,26.58238983154297,29.0433
1992-08-29 00:00:00,11.9,114.8,WP,8,Aug,26.58238983154297,28.39297
1992-09-03 00:00:00,22.7,131.3,WP,9,Sep,26.623655319213867,28.532495
1992-09-10 00:00:00,10.8,126.6,WP,9,Sep,26.623655319213867,28.967205
1992-09-11 00:00:00,15.2,130.5,WP,9,Sep,26.623655319213867,28.94364
1992-09-22 00:00:00,11.2,146.7,WP,9,Sep,26.623655319213867,29.087927
1992-09-30 00:00:00,11.5,142.6,WP,9,Sep,26.623655319213867,29.007742
1992-10-09 00:00:00,-11.7,115.3,SI,10,Oct,26.84540557861328,27.553162
1992-10-16 00:00:00,8.4,162.5,WP,10,Oct,26.84540557861328,29.426327
1992-10-17 00:00:00,5.5,143.8,WP,10,Oct,26.84540557861328,29.441666
1992-10-21 00:00:00,10.1,150.8,WP,10,Oct,26.84540557861328,29.153713
1992-10-26 00:00:00,16.9,114.7,WP,10,Oct,26.84540557861328,27.748398
1992-12-24 00:00:00,10.9,161.8,WP,12,Dec,27.02578353881836,27.69896
1992-12-30 00:00:00,-11.8,171.5,SP,12,Dec,27.02578353881836,28.989273
1993-01-05 00:00:00,-5.7,75.9,SI,1,Jan,27.01909828186035,28.565664
1993-01-09 00:00:00,-17.0,180.6,SP,1,Jan,27.01909828186035,28.284546
1993-01-14 00:00:00,-11.2,180.3,SP,1,Jan,27.01909828186035,29.519327
1993-03-01 00:00:00,-13.6,63.9,SI,3,Mar,27.411577224731445,28.738056
1993-03-02 00:00:00,-8.4,96.3,SI,3,Mar,27.411577224731445,29.026514
1993-03-04 00:00:00,-12.6,71.0,SI,3,Mar,27.411577224731445,28.709183
1993-03-11 00:00:00,-7.0,99.9,SI,3,Mar,27.411577224731445,29.099854
1993-03-17 00:00:00,-8.5,181.0,SP,3,Mar,27.411577224731445,29.657349
1993-04-16 00:00:00,-9.6,65.0,SI,4,Apr,27.663606643676758,28.941372
1993-04-21 00:00:00,-10.1,66.6,SI,4,Apr,27.663606643676758,28.908524
1993-05-05 00:00:00,14.0,147.5,WP,5,May,27.623035430908203,27.500982
1993-06-11 00:00:00,14.8,115.0,WP,6,Jun,27.257972717285156,29.285406
1993-07-14 00:00:00,18.2,111.2,WP,7,Jul,26.817293167114258,28.531523
1993-07-16 00:00:00,16.2,141.9,WP,7,Jul,26.817293167114258,28.848492
1993-08-05 00:00:00,19.5,160.1,WP,8,Aug,26.593421936035156,28.469818
1993-08-06 00:00:00,12.1,116.0,WP,8,Aug,26.593421936035156,28.829483
1993-08-07 00:00:00,5.0,157.0,WP,8,Aug,26.593421936035156,29.650661
1993-08-20 00:00:00,9.6,126.1,WP,8,Aug,26.593421936035156,29.478966
1993-08-24 00:00:00,17.8,124.9,WP,8,Aug,26.593421936035156,29.275284
1993-08-24 00:00:00,8.4,131.4,WP,8,Aug,26.593421936035156,29.468225
1993-09-02 00:00:00,13.0,147.3,WP,9,Sep,26.63267707824707,29.235739
1993-09-16 00:00:00,10.0,148.2,WP,9,Sep,26.63267707824707,29.416016
1993-09-18 00:00:00,10.9,161.8,WP,9,Sep,26.63267707824707,29.43159
1993-09-24 00:00:00,18.9,156.4,WP,9,Sep,26.63267707824707,28.713232
1993-10-09 00:00:00,6.9,153.6,WP,10,Oct,26.860050201416016,29.574314
1993-11-09 00:00:00,-11.3,212.6,SP,11,Nov,27.014392852783203,28.457567
1993-11-15 00:00:00,13.8,147.2,WP,11,Nov,27.014392852783203,28.35473
1993-11-29 00:00:00,-18.1,120.1,SI,11,Nov,27.014392852783203,27.84518
1993-12-21 00:00:00,-10.0,118.0,SI,12,Dec,27.027956008911133,29.736303
1993-12-21 00:00:00,-8.2,163.5,SP,12,Dec,27.027956008911133,29.64433
1993-12-28 00:00:00,-14.6,124.2,SI,12,Dec,27.027956008911133,30.116499
1994-01-01 00:00:00,-11.5,64.9,SI,1,Jan,27.01538848876953,28.333155
1994-01-04 00:00:00,-12.5,41.5,SI,1,Jan,27.01538848876953,28.468555
1994-01-04 00:00:00,-12.6,121.5,SI,1,Jan,27.01538848876953,29.589787
1994-01-06 00:00:00,-15.3,182.4,SP,1,Jan,27.01538848876953,28.740799
1994-01-06 00:00:00,-12.0,165.0,SP,1,Jan,27.01538848876953,29.444136
1994-01-09 00:00:00,-7.4,84.7,SI,1,Jan,27.01538848876953,28.459677
1994-01-10 00:00:00,-15.4,119.3,SI,1,Jan,27.01538848876953,29.418371
1994-01-14 00:00:00,-14.9,203.4,SP,1,Jan,27.01538848876953,28.7305
1994-02-13 00:00:00,-5.3,188.7,SP,2,Feb,27.1434268951416,28.676657
1994-02-13 00:00:00,-9.7,81.6,SI,2,Feb,27.1434268951416,28.619137
1994-02-14 00:00:00,-7.0,99.9,SI,2,Feb,27.1434268951416,28.83994
1994-02-17 00:00:00,-17.7,216.5,SP,2,Feb,27.1434268951416,28.29158
1994-03-06 00:00:00,-13.6,138.3,SI,3,Mar,27.437524795532227,29.905058
1994-03-23 00:00:00,-8.9,51.9,SI,3,Mar,27.437524795532227,29.001095
1994-03-28 00:00:00,-13.9,178.0,SP,3,Mar,27.437524795532227,29.389383
1994-03-30 00:00:00,-17.4,149.0,SP,3,Mar,27.437524795532227,28.460394
1994-03-31 00:00:00,-18.0,154.1,SP,3,Mar,27.437524795532227,28.250772
1994-05-21 00:00:00,13.2,146.8,WP,5,May,27.669038772583008,27.877283
1994-07-09 00:00:00,10.0,138.0,WP,7,Jul,26.888446807861328,29.552074
1994-07-10 00:00:00,20.1,122.9,WP,7,Jul,26.888446807861328,29.296139
1994-07-29 00:00:00,5.6,150.2,WP,7,Jul,26.888446807861328,29.63754
1994-07-31 00:00:00,7.4,139.7,WP,7,Jul,26.888446807861328,29.695963
1994-08-05 00:00:00,14.4,115.2,WP,8,Aug,26.664199829101562,28.806976
1994-08-13 00:00:00,12.3,151.6,WP,8,Aug,26.664199829101562,29.286163
1994-08-23 00:00:00,14.7,126.3,WP,8,Aug,26.664199829101562,29.247889
1994-08-28 00:00:00,15.8,119.4,WP,8,Aug,26.664199829101562,29.248419
1994-08-29 00:00:00,7.2,143.6,WP,8,Aug,26.664199829101562,29.69607
1994-09-02 00:00:00,14.4,140.0,WP,9,Sep,26.717517852783203,29.224127
1994-09-09 00:00:00,19.1,120.5,WP,9,Sep,26.717517852783203,29.115921
1994-09-12 00:00:00,7.1,140.2,WP,9,Sep,26.717517852783203,29.704052
1994-09-22 00:00:00,19.7,126.6,WP,9,Sep,26.717517852783203,28.991714
1994-09-24 00:00:00,14.6,144.8,WP,9,Sep,26.717517852783203,29.201263
1994-10-11 00:00:00,13.7,140.8,WP,10,Oct,26.946252822875977,29.115824
1994-10-12 00:00:00,7.0,152.9,WP,10,Oct,26.946252822875977,29.634853
1994-10-19 00:00:00,12.7,153.2,WP,10,Oct,26.946252822875977,29.130291
1994-10-26 00:00:00,8.2,155.8,WP,10,Oct,26.946252822875977,29.6014
1994-11-28 00:00:00,-4.9,170.1,SP,11,Nov,27.114826202392578,29.577963
1994-12-02 00:00:00,-7.5,69.2,SI,12,Dec,27.128013610839844,28.404099
1994-12-05 00:00:00,-14.0,126.0,SI,12,Dec,27.128013610839844,30.214184
1994-12-06 00:00:00,-9.5,82.0,SI,12,Dec,27.128013610839844,27.830765
1994-12-23 00:00:00,-16.5,161.7,SP,12,Dec,27.128013610839844,27.655416
1994-12-29 00:00:00,-13.4,195.3,SP,12,Dec,27.128013610839844,28.901382
1995-01-04 00:00:00,-18.6,203.8,SP,1,Jan,27.118371963500977,27.999517
1995-01-04 00:00:00,-10.5,162.8,SP,1,Jan,27.118371963500977,29.493378
1995-01-12 00:00:00,-10.9,113.2,SI,1,Jan,27.118371963500977,29.302576
1995-01-13 00:00:00,-4.4,95.5,SI,1,Jan,27.118371963500977,28.90145
1995-01-24 00:00:00,-9.3,181.7,SP,1,Jan,27.118371963500977,29.728699
1995-01-25 00:00:00,-11.7,132.3,SI,1,Jan,27.118371963500977,30.146246
1995-02-02 00:00:00,-12.6,100.5,SI,2,Feb,27.240938186645508,28.632406
1995-02-06 00:00:00,-12.1,178.1,SP,2,Feb,27.240938186645508,29.575174
1995-02-11 00:00:00,-15.5,43.2,SI,2,Feb,27.240938186645508,29.070887
1995-02-13 00:00:00,-9.6,77.5,SI,2,Feb,27.240938186645508,28.67702
1995-02-14 00:00:00,-13.6,63.9,SI,2,Feb,27.240938186645508,28.49324
1995-02-18 00:00:00,-6.6,69.6,SI,2,Feb,27.240938186645508,28.71137
1995-02-21 00:00:00,-12.2,145.3,SP,2,Feb,27.240938186645508,29.446478
1995-02-26 00:00:00,-10.0,155.0,SP,2,Feb,27.240938186645508,29.63033
1995-03-03 00:00:00,-16.4,51.2,SI,3,Mar,27.520652770996094,28.41583
1995-03-13 00:00:00,-15.8,150.8,SP,3,Mar,27.520652770996094,28.87781
1995-03-24 00:00:00,-6.1,128.6,SI,3,Mar,27.520652770996094,29.323828
1995-03-28 00:00:00,-12.9,169.6,SP,3,Mar,27.520652770996094,29.62735
1995-03-28 00:00:00,-7.8,91.5,SI,3,Mar,27.520652770996094,29.089539
1995-03-29 00:00:00,-12.3,111.7,SI,3,Mar,27.520652770996094,29.252914
1995-04-16 00:00:00,-13.0,134.0,SI,4,Apr,27.78472328186035,29.753626
1995-04-27 00:00:00,-11.0,133.0,SI,4,Apr,27.78472328186035,29.592293
1995-04-30 00:00:00,-16.3,151.0,SP,4,Apr,27.78472328186035,27.84101
1995-05-20 00:00:00,8.0,184.3,WP,5,May,27.749351501464844,28.446712
1995-07-15 00:00:00,6.2,153.0,WP,7,Jul,26.94414520263672,29.744043
1995-07-21 00:00:00,14.3,134.7,WP,7,Jul,26.94414520263672,29.333546
1995-07-23 00:00:00,4.7,158.8,WP,7,Jul,26.94414520263672,29.674742
1995-07-27 00:00:00,24.0,151.2,WP,7,Jul,26.94414520263672,27.860554
1995-07-31 00:00:00,12.9,139.0,WP,7,Jul,26.94414520263672,29.342892
1995-08-01 00:00:00,6.4,182.0,WP,8,Aug,26.715553283691406,29.32727
1995-08-10 00:00:00,17.4,132.4,WP,8,Aug,26.715553283691406,29.16817
1995-08-12 00:00:00,5.6,168.0,WP,8,Aug,26.715553283691406,29.652885
1995-08-15 00:00:00,9.5,149.8,WP,8,Aug,26.715553283691406,29.619993
1995-08-18 00:00:00,12.7,153.2,WP,8,Aug,26.715553283691406,29.367748
1995-09-12 00:00:00,14.3,153.9,WP,9,Sep,26.77408790588379,29.267914
1995-09-21 00:00:00,8.5,139.6,WP,9,Sep,26.77408790588379,29.657091
1995-09-28 00:00:00,13.0,124.4,WP,9,Sep,26.77408790588379,29.2966
1995-09-30 00:00:00,3.1,173.7,WP,9,Sep,26.77408790588379,28.849213
1995-10-02 00:00:00,9.4,115.6,WP,10,Oct,27.00859260559082,29.14647
1995-10-07 00:00:00,14.6,141.1,WP,10,Oct,27.00859260559082,29.060938
1995-10-14 00:00:00,10.8,150.0,WP,10,Oct,27.00859260559082,29.430597
1995-10-19 00:00:00,7.2,157.0,WP,10,Oct,27.00859260559082,29.81757
1995-10-23 00:00:00,16.1,146.2,WP,10,Oct,27.00859260559082,28.859653
1995-10-23 00:00:00,10.7,171.5,WP,10,Oct,27.00859260559082,29.35152
1995-11-07 00:00:00,11.8,143.7,WP,11,Nov,27.171480178833008,28.872025
1995-11-07 00:00:00,13.3,149.2,WP,11,Nov,27.171480178833008,28.523539
1995-11-14 00:00:00,7.0,130.2,WP,11,Nov,27.171480178833008,29.447952
1995-11-25 00:00:00,-12.9,158.0,SP,11,Nov,27.171480178833008,28.161493
1995-11-28 00:00:00,4.6,151.9,WP,11,Nov,27.171480178833008,29.582785
1995-12-03 00:00:00,8.3,133.0,WP,12,Dec,27.167932510375977,28.770174
1995-12-04 00:00:00,-14.9,149.7,SP,12,Dec,27.167932510375977,28.0745
1995-12-13 00:00:00,12.9,126.6,WP,12,Dec,27.167932510375977,27.686817
1996-01-02 00:00:00,-10.8,123.5,SI,1,Jan,27.158571243286133,29.719687
1996-01-13 00:00:00,-8.8,91.3,SI,1,Jan,27.158571243286133,28.608631
1996-01-30 00:00:00,-19.3,180.2,SP,1,Jan,27.158571243286133,27.752365
1996-02-11 00:00:00,-6.1,128.6,SI,2,Feb,27.28600311279297,29.15944
1996-02-11 00:00:00,-12.9,175.9,SP,2,Feb,27.28600311279297,29.663614
1996-02-16 00:00:00,-18.0,182.5,SP,2,Feb,27.28600311279297,28.744776
1996-02-19 00:00:00,-12.7,142.7,SP,2,Feb,27.28600311279297,29.977015
1996-03-07 00:00:00,-18.4,171.7,SP,3,Mar,27.571950912475586,28.665462
1996-03-20 00:00:00,-14.7,150.9,SP,3,Mar,27.571950912475586,29.203152
1996-03-26 00:00:00,-12.0,114.6,SI,3,Mar,27.571950912475586,29.343185
1996-03-31 00:00:00,-15.1,192.7,SP,3,Mar,27.571950912475586,29.431303
1996-04-11 00:00:00,-15.6,102.0,SI,4,Apr,27.828678131103516,27.934887
1996-04-13 00:00:00,-10.0,64.4,SI,4,Apr,27.828678131103516,29.086578
1996-04-17 00:00:00,-9.9,96.8,SI,4,Apr,27.828678131103516,29.156168
1996-04-18 00:00:00,-15.5,188.3,SP,4,Apr,27.828678131103516,29.110437
1996-06-17 00:00:00,9.7,146.4,WP,6,Jun,27.41046142578125,29.187344
1996-07-10 00:00:00,10.0,145.3,WP,7,Jul,26.984987258911133,29.472296
1996-08-04 00:00:00,6.6,158.2,WP,8,Aug,26.76089859008789,29.872011
1996-08-09 00:00:00,11.0,177.0,WP,8,Aug,26.76089859008789,29.122324
1996-08-11 00:00:00,14.0,147.5,WP,8,Aug,26.76089859008789,29.311384
1996-08-13 00:00:00,6.2,152.8,WP,8,Aug,26.76089859008789,29.875986
1996-08-17 00:00:00,6.9,130.8,WP,8,Aug,26.76089859008789,29.639988
1996-08-24 00:00:00,20.2,148.4,WP,8,Aug,26.76089859008789,28.88564
1996-08-27 00:00:00,8.6,141.0,WP,8,Aug,26.76089859008789,29.68341
1996-08-29 00:00:00,21.5,138.3,WP,8,Aug,26.76089859008789,28.849947
1996-09-01 00:00:00,11.4,133.1,WP,9,Sep,26.818803787231445,29.289808
1996-09-07 00:00:00,22.9,134.4,WP,9,Sep,26.818803787231445,28.768616
1996-09-08 00:00:00,15.0,135.1,WP,9,Sep,26.818803787231445,29.190145
1996-09-24 00:00:00,12.0,151.4,WP,9,Sep,26.818803787231445,29.531912
1996-09-29 00:00:00,20.5,140.2,WP,9,Sep,26.818803787231445,28.94905
1996-10-03 00:00:00,7.6,151.5,WP,10,Oct,27.04643440246582,29.716064
1996-10-07 00:00:00,1.9,180.2,WP,10,Oct,27.04643440246582,28.145777
1996-10-10 00:00:00,1.3,172.0,WP,10,Oct,27.04643440246582,28.615185
1996-10-25 00:00:00,7.2,155.9,WP,10,Oct,27.04643440246582,29.794214
1996-10-27 00:00:00,9.3,172.3,WP,10,Oct,27.04643440246582,29.658712
1996-11-12 00:00:00,-4.4,63.4,SI,11,Nov,27.215232849121094,28.616589
1996-11-19 00:00:00,-12.5,41.5,SI,11,Nov,27.215232849121094,27.667606
1996-12-08 00:00:00,-8.9,51.9,SI,12,Dec,27.22923469543457,28.331491
1996-12-09 00:00:00,-6.5,66.9,SI,12,Dec,27.22923469543457,28.703531
1996-12-10 00:00:00,-10.1,178.0,SP,12,Dec,27.22923469543457,29.69571
1996-12-13 00:00:00,-12.6,163.1,SP,12,Dec,27.22923469543457,29.069712
1996-12-14 00:00:00,-8.8,155.6,SP,12,Dec,27.22923469543457,29.601145
1996-12-21 00:00:00,-15.8,121.0,SI,12,Dec,27.22923469543457,29.763569
1996-12-23 00:00:00,6.3,149.2,WP,12,Dec,27.22923469543457,29.300653
1996-12-25 00:00:00,-11.8,129.3,SI,12,Dec,27.22923469543457,30.539642
1996-12-27 00:00:00,-9.0,130.5,SI,12,Dec,27.22923469543457,30.003809
1996-12-29 00:00:00,-19.3,35.8,SI,12,Dec,27.22923469543457,28.103346
1996-12-31 00:00:00,-8.0,85.5,SI,12,Dec,27.22923469543457,28.039557
1997-01-12 00:00:00,-10.3,172.1,SP,1,Jan,27.218307495117188,29.839178
1997-01-19 00:00:00,-19.1,41.2,SI,1,Jan,27.218307495117188,29.158426
1997-01-31 00:00:00,-12.1,178.1,SP,1,Jan,27.218307495117188,29.61699
1997-02-09 00:00:00,-11.6,103.8,SI,2,Feb,27.33490562438965,28.898474
1997-02-12 00:00:00,-19.3,199.3,SP,2,Feb,27.33490562438965,28.38699
1997-02-18 00:00:00,-13.5,196.8,SP,2,Feb,27.33490562438965,29.57667
1997-02-21 00:00:00,-19.3,180.2,SP,2,Feb,27.33490562438965,28.493753
1997-03-02 00:00:00,-13.4,81.0,SI,3,Mar,27.610170364379883,28.38856
1997-03-12 00:00:00,-10.9,164.0,SP,3,Mar,27.610170364379883,29.760092
1997-03-18 00:00:00,-13.3,55.4,SI,3,Mar,27.610170364379883,28.9271
1997-03-21 00:00:00,-14.6,74.9,SI,3,Mar,27.610170364379883,28.403193
1997-03-28 00:00:00,-19.0,157.5,SP,3,Mar,27.610170364379883,28.189045
1997-03-29 00:00:00,-3.0,94.0,SI,3,Mar,27.610170364379883,29.480474
1997-03-29 00:00:00,-10.0,166.9,SP,3,Mar,27.610170364379883,29.815426
1997-04-13 00:00:00,-17.6,156.4,SP,4,Apr,27.88928985595703,27.95963
1997-05-05 00:00:00,8.1,140.6,WP,5,May,27.860462188720703,29.278732
1997-06-19 00:00:00,13.3,138.4,WP,6,Jun,27.5041561126709,29.082272
1997-06-24 00:00:00,9.3,129.9,WP,6,Jun,27.5041561126709,29.781305
1997-07-03 00:00:00,20.4,116.9,WP,7,Jul,27.065624237060547,29.142452
1997-07-11 00:00:00,6.0,148.8,WP,7,Jul,27.065624237060547,29.879385
1997-07-12 00:00:00,25.2,124.4,WP,7,Jul,27.065624237060547,28.578857
1997-08-13 00:00:00,10.1,154.3,WP,8,Aug,26.839759826660156,29.72533
1997-08-15 00:00:00,8.3,145.3,WP,8,Aug,26.839759826660156,29.760778
1997-08-19 00:00:00,6.2,155.5,WP,8,Aug,26.839759826660156,29.99941
1997-08-20 00:00:00,13.4,155.0,WP,8,Aug,26.839759826660156,29.385567
1997-09-01 00:00:00,15.8,164.6,WP,9,Sep,26.87972068786621,29.072304
1997-09-01 00:00:00,6.1,177.0,WP,9,Sep,26.87972068786621,29.770157
1997-09-02 00:00:00,9.4,142.7,WP,9,Sep,26.87972068786621,29.601357
1997-09-03 00:00:00,14.9,152.5,WP,9,Sep,26.87972068786621,29.291224
1997-09-04 00:00:00,9.6,186.8,WP,9,Sep,26.87972068786621,29.432547
1997-09-06 00:00:00,13.1,148.8,WP,9,Sep,26.87972068786621,29.407654
1997-09-06 00:00:00,17.5,158.5,WP,9,Sep,26.87972068786621,29.04931
1997-09-07 00:00:00,8.0,155.8,WP,9,Sep,26.87972068786621,29.911448
1997-09-09 00:00:00,9.3,148.5,WP,9,Sep,26.87972068786621,29.666763
1997-09-11 00:00:00,18.6,136.1,WP,9,Sep,26.87972068786621,29.384455
1997-09-21 00:00:00,10.8,170.9,WP,9,Sep,26.87972068786621,29.605692
1997-09-24 00:00:00,10.9,161.8,WP,9,Sep,26.87972068786621,29.665325
1997-09-30 00:00:00,12.6,146.1,WP,9,Sep,26.87972068786621,29.419413
1997-11-09 00:00:00,13.2,140.7,WP,11,Nov,27.286794662475586,28.675117
1997-11-10 00:00:00,8.1,141.8,WP,11,Nov,27.286794662475586,29.461521
1997-11-11 00:00:00,18.6,136.1,WP,11,Nov,27.286794662475586,27.75556
1997-11-13 00:00:00,10.3,132.9,WP,11,Nov,27.286794662475586,29.05752
1997-11-19 00:00:00,12.8,172.3,WP,11,Nov,27.286794662475586,28.414066
1997-11-20 00:00:00,20.0,152.0,WP,11,Nov,27.286794662475586,27.50655
1997-11-29 00:00:00,10.0,168.0,WP,11,Nov,27.286794662475586,29.126627
1997-12-06 00:00:00,-15.6,119.8,SI,12,Dec,27.30213737487793,29.614475
1997-12-11 00:00:00,-10.4,184.9,SP,12,Dec,27.30213737487793,29.726099
1998-01-07 00:00:00,-18.8,205.8,SP,1,Jan,27.27606964111328,27.915766
1998-01-16 00:00:00,-10.3,175.5,SP,1,Jan,27.27606964111328,29.847826
1998-01-18 00:00:00,-16.6,43.6,SI,1,Jan,27.27606964111328,29.1926
1998-01-19 00:00:00,-10.7,74.7,SI,1,Jan,27.27606964111328,28.513067
1998-01-26 00:00:00,-10.9,127.6,SI,1,Jan,27.27606964111328,29.912592
1998-01-31 00:00:00,-8.5,100.4,SI,1,Jan,27.27606964111328,28.979088
1998-02-02 00:00:00,-11.1,58.5,SI,2,Feb,27.39495849609375,28.846006
1998-02-03 00:00:00,-15.1,158.9,SP,2,Feb,27.39495849609375,29.408936
1998-02-03 00:00:00,-10.5,214.9,SP,2,Feb,27.39495849609375,29.400684
1998-02-18 00:00:00,-10.5,214.9,SP,2,Feb,27.39495849609375,29.400684
1998-02-20 00:00:00,-7.5,163.0,SP,2,Feb,27.39495849609375,29.866943
1998-02-23 00:00:00,-17.3,147.5,SP,2,Feb,27.39495849609375,28.871384
1998-02-24 00:00:00,-4.8,86.8,SI,2,Feb,27.39495849609375,28.945963
1998-03-08 00:00:00,-11.2,101.5,SI,3,Mar,27.668231964111328,29.224302
1998-03-12 00:00:00,-12.5,67.4,SI,3,Mar,27.668231964111328,28.905802
1998-03-16 00:00:00,-19.7,120.9,SI,3,Mar,27.668231964111328,30.16952
1998-04-07 00:00:00,-9.9,74.0,SI,4,Apr,27.930822372436523,28.914465
1998-04-08 00:00:00,-9.3,137.4,SI,4,Apr,27.930822372436523,29.662073
1998-04-16 00:00:00,-9.9,60.3,SI,4,Apr,27.930822372436523,29.1922
1998-04-18 00:00:00,11.9,130.3,WP,4,Apr,27.930822372436523,28.016537
1998-04-18 00:00:00,-13.4,78.3,SI,4,Apr,27.930822372436523,28.178204
1998-04-22 00:00:00,-8.7,178.2,SP,4,Apr,27.930822372436523,29.994394
1998-04-27 00:00:00,-10.9,49.9,SI,4,Apr,27.930822372436523,28.93776
1998-05-03 00:00:00,-10.2,99.6,SI,5,May,27.884981155395508,28.708216
1998-05-07 00:00:00,5.0,139.0,WP,5,May,27.884981155395508,29.674961
1998-05-18 00:00:00,-18.1,120.1,SI,5,May,27.884981155395508,28.295666
1998-06-16 00:00:00,6.4,140.0,WP,6,Jun,27.51336097717285,29.877138
1998-07-05 00:00:00,16.1,146.6,WP,7,Jul,27.083263397216797,28.9832
1998-07-07 00:00:00,9.4,115.6,WP,7,Jul,27.083263397216797,29.557608
1998-07-08 00:00:00,14.6,160.3,WP,7,Jul,27.083263397216797,28.59464
1998-07-25 00:00:00,14.9,116.5,WP,7,Jul,27.083263397216797,29.364157
1998-08-05 00:00:00,19.9,156.2,WP,8,Aug,26.859113693237305,28.796284
1998-08-06 00:00:00,7.7,153.9,WP,8,Aug,26.859113693237305,29.821253
1998-08-16 00:00:00,13.0,126.0,WP,8,Aug,26.859113693237305,29.4991
1998-08-18 00:00:00,11.0,153.5,WP,8,Aug,26.859113693237305,29.603928
1998-08-20 00:00:00,6.6,161.6,WP,8,Aug,26.859113693237305,29.841164
1998-08-24 00:00:00,18.0,151.8,WP,8,Aug,26.859113693237305,29.116201
1998-09-02 00:00:00,19.4,130.4,WP,9,Sep,26.907794952392578,29.303614
1998-09-03 00:00:00,6.2,152.8,WP,9,Sep,26.907794952392578,29.91634
1998-09-07 00:00:00,20.7,135.8,WP,9,Sep,26.907794952392578,29.219355
1998-09-10 00:00:00,11.1,133.5,WP,9,Sep,26.907794952392578,29.455343
1998-09-12 00:00:00,16.1,149.3,WP,9,Sep,26.907794952392578,29.324371
1998-09-16 00:00:00,13.6,149.2,WP,9,Sep,26.907794952392578,29.478552
1998-09-18 00:00:00,10.0,145.3,WP,9,Sep,26.907794952392578,29.66012
1998-09-22 00:00:00,7.1,153.0,WP,9,Sep,26.907794952392578,29.911692
1998-09-27 00:00:00,8.3,139.2,WP,9,Sep,26.907794952392578,29.747437
1998-10-02 00:00:00,23.5,144.3,WP,10,Oct,27.139802932739258,28.036573
1998-10-11 00:00:00,8.3,144.4,WP,10,Oct,27.139802932739258,29.700293
1998-10-12 00:00:00,10.1,156.1,WP,10,Oct,27.139802932739258,29.58642
1998-10-22 00:00:00,6.7,197.0,WP,10,Oct,27.139802932739258,29.074755
1998-10-25 00:00:00,17.0,141.7,WP,10,Oct,27.139802932739258,29.113577
1998-11-13 00:00:00,-8.5,100.4,SI,11,Nov,27.3131160736084,27.888138
1998-11-18 00:00:00,12.3,141.1,WP,11,Nov,27.3131160736084,28.953224
1998-11-18 00:00:00,11.9,112.1,WP,11,Nov,27.3131160736084,27.886938
1998-11-21 00:00:00,19.4,146.0,WP,11,Nov,27.3131160736084,27.889643
1998-12-02 00:00:00,-6.6,97.4,SI,12,Dec,27.31589126586914,28.67215
1998-12-07 00:00:00,11.5,128.9,WP,12,Dec,27.31589126586914,28.251993
1998-12-11 00:00:00,-10.9,102.4,SI,12,Dec,27.31589126586914,28.37265
1998-12-31 00:00:00,-8.7,157.2,SP,12,Dec,27.31589126586914,29.692429
1999-01-05 00:00:00,-24.0,37.4,SI,1,Jan,27.312170028686523,28.06923
1999-01-09 00:00:00,-18.7,179.1,SP,1,Jan,27.312170028686523,27.972258
1999-01-21 00:00:00,-12.0,124.4,SI,1,Jan,27.312170028686523,29.916214
1999-01-23 00:00:00,9.3,148.5,WP,1,Jan,27.312170028686523,28.112867
1999-02-02 00:00:00,-13.5,170.7,SP,2,Feb,27.43840217590332,29.58143
1999-02-08 00:00:00,-14.0,54.4,SI,2,Feb,27.43840217590332,28.620287
1999-02-09 00:00:00,-10.3,71.4,SI,2,Feb,27.43840217590332,28.981836
1999-02-15 00:00:00,-7.6,133.1,SI,2,Feb,27.43840217590332,29.361685
1999-02-27 00:00:00,-9.6,138.2,SI,2,Feb,27.43840217590332,29.702047
1999-02-27 00:00:00,-11.1,192.6,SP,2,Feb,27.43840217590332,29.771738
1999-03-07 00:00:00,-10.3,94.5,SI,3,Mar,27.72167205810547,29.174849
1999-03-08 00:00:00,-10.4,183.7,SP,3,Mar,27.72167205810547,29.869925
1999-03-11 00:00:00,-9.2,81.8,SI,3,Mar,27.72167205810547,29.093754
1999-03-16 00:00:00,-12.9,175.9,SP,3,Mar,27.72167205810547,29.754436
1999-03-21 00:00:00,-17.4,149.0,SP,3,Mar,27.72167205810547,28.665874
1999-05-13 00:00:00,8.5,148.6,WP,5,May,27.93906593322754,29.068342
1999-05-23 00:00:00,4.7,155.1,WP,5,May,27.93906593322754,29.462318
1999-07-11 00:00:00,7.9,142.1,WP,7,Jul,27.135746002197266,29.89009
1999-07-12 00:00:00,11.4,127.4,WP,7,Jul,27.135746002197266,29.73754
1999-07-27 00:00:00,12.0,128.0,WP,7,Jul,27.135746002197266,29.747791
1999-08-02 00:00:00,20.5,122.1,WP,8,Aug,26.90730094909668,29.615805
1999-08-11 00:00:00,5.8,162.4,WP,8,Aug,26.90730094909668,29.98111
1999-08-15 00:00:00,13.6,128.0,WP,8,Aug,26.90730094909668,29.54375
1999-08-19 00:00:00,15.2,137.4,WP,8,Aug,26.90730094909668,29.553757
1999-08-20 00:00:00,11.0,127.3,WP,8,Aug,26.90730094909668,29.643875
1999-09-04 00:00:00,18.2,133.7,WP,9,Sep,26.95072364807129,29.42537
1999-09-05 00:00:00,8.7,150.1,WP,9,Sep,26.95072364807129,29.858051
1999-09-06 00:00:00,6.8,151.4,WP,9,Sep,26.95072364807129,30.006247
1999-09-08 00:00:00,10.0,148.2,WP,9,Sep,26.95072364807129,29.743717
1999-09-11 00:00:00,12.6,135.1,WP,9,Sep,26.95072364807129,29.479633
1999-09-17 00:00:00,5.8,162.1,WP,9,Sep,26.95072364807129,30.050991
1999-09-18 00:00:00,9.1,155.3,WP,9,Sep,26.95072364807129,29.933964
1999-09-19 00:00:00,3.9,155.3,WP,9,Sep,26.95072364807129,29.758425
1999-09-24 00:00:00,16.2,135.0,WP,9,Sep,26.95072364807129,29.413626
1999-10-03 00:00:00,20.1,151.1,WP,10,Oct,27.17766571044922,28.607553
1999-10-14 00:00:00,9.4,149.5,WP,10,Oct,27.17766571044922,29.749296
1999-11-02 00:00:00,-7.1,95.2,SI,11,Nov,27.34438133239746,27.978357
1999-11-07 00:00:00,18.0,151.8,WP,11,Nov,27.34438133239746,27.91712
1999-11-14 00:00:00,16.7,139.4,WP,11,Nov,27.34438133239746,28.436834
1999-12-02 00:00:00,-14.6,142.6,SP,12,Dec,27.33660125732422,29.421173
1999-12-05 00:00:00,-8.0,84.6,SI,12,Dec,27.33660125732422,28.28851
1999-12-20 00:00:00,-5.7,75.9,SI,12,Dec,27.33660125732422,28.70825
1999-12-29 00:00:00,-13.1,131.2,SI,12,Dec,27.33660125732422,31.043274
2000-01-10 00:00:00,-18.0,120.6,SI,1,Jan,27.3124942779541,30.060608
2000-01-10 00:00:00,-8.5,60.0,SI,1,Jan,27.3124942779541,28.77182
2000-01-13 00:00:00,-14.7,150.9,SP,1,Jan,27.3124942779541,29.302902
2000-01-17 00:00:00,-8.9,187.4,SP,1,Jan,27.3124942779541,29.82813
2000-01-28 00:00:00,-12.6,145.1,SP,1,Jan,27.3124942779541,29.415993
2000-02-06 00:00:00,-11.1,169.7,SP,2,Feb,27.4263858795166,29.85958
2000-02-13 00:00:00,-14.9,143.0,SP,2,Feb,27.4263858795166,30.149673
2000-02-22 00:00:00,-10.0,228.6,SP,2,Feb,27.4263858795166,28.40387
2000-02-23 00:00:00,-13.2,95.6,SI,2,Feb,27.4263858795166,28.535545
2000-03-08 00:00:00,-10.7,54.6,SI,3,Mar,27.713520050048828,29.156498
2000-03-10 00:00:00,-11.0,64.0,SI,3,Mar,27.713520050048828,29.12612
2000-03-11 00:00:00,-14.8,138.3,SI,3,Mar,27.713520050048828,30.318901
2000-03-27 00:00:00,-15.5,182.4,SP,3,Mar,27.713520050048828,29.575369
2000-03-30 00:00:00,-12.6,68.3,SI,3,Mar,27.713520050048828,28.919373
2000-04-06 00:00:00,-14.1,121.1,SI,4,Apr,27.977426528930664,29.78077
2000-04-08 00:00:00,-16.6,112.3,SI,4,Apr,27.977426528930664,28.939093
2000-04-12 00:00:00,-10.0,118.0,SI,4,Apr,27.977426528930664,29.658564
2000-04-17 00:00:00,7.7,193.0,WP,4,Apr,27.977426528930664,28.277782
2000-05-13 00:00:00,16.9,112.4,WP,5,May,27.93889808654785,28.266155
2000-05-25 00:00:00,10.1,130.8,WP,5,May,27.93889808654785,29.258722
2000-06-13 00:00:00,4.5,154.9,WP,6,Jun,27.573894500732422,29.924564
2000-06-24 00:00:00,19.7,132.7,WP,6,Jun,27.573894500732422,28.776667
2000-07-04 00:00:00,18.0,119.6,WP,7,Jul,27.147043228149414,29.68382
2000-07-25 00:00:00,16.2,135.0,WP,7,Jul,27.147043228149414,29.494614
2000-07-27 00:00:00,4.6,143.6,WP,7,Jul,27.147043228149414,30.005365
2000-08-16 00:00:00,6.8,108.1,WP,8,Aug,26.92436981201172,29.315678
2000-09-03 00:00:00,20.9,145.1,WP,9,Sep,26.98248291015625,29.023092
2000-09-24 00:00:00,14.6,141.1,WP,9,Sep,26.98248291015625,29.409634
2000-09-27 00:00:00,11.0,177.0,WP,9,Sep,26.98248291015625,29.613255
2000-09-29 00:00:00,6.0,171.0,WP,9,Sep,26.98248291015625,29.981968
2000-10-16 00:00:00,13.2,143.8,WP,10,Oct,27.22653579711914,29.362509
2000-10-28 00:00:00,8.5,148.6,WP,10,Oct,27.22653579711914,29.768213
2000-10-29 00:00:00,12.9,126.6,WP,10,Oct,27.22653579711914,29.382605
2000-11-02 00:00:00,-12.7,142.7,SP,11,Nov,27.413496017456055,27.599127
2000-11-15 00:00:00,14.9,153.5,WP,11,Nov,27.413496017456055,28.394491
2000-12-23 00:00:00,-15.8,198.7,SP,12,Dec,27.42441177368164,28.325027
2001-01-03 00:00:00,-8.6,181.0,SP,1,Jan,27.413938522338867,30.008606
2001-01-03 00:00:00,-13.0,140.5,SI,1,Jan,27.413938522338867,30.258894
2001-01-06 00:00:00,-9.6,138.2,SI,1,Jan,27.413938522338867,29.94692
2001-01-08 00:00:00,-6.6,97.4,SI,1,Jan,27.413938522338867,29.143118
2001-01-10 00:00:00,-12.8,140.0,SI,1,Jan,27.413938522338867,30.192041
2001-01-14 00:00:00,-9.2,81.8,SI,1,Jan,27.413938522338867,28.712473
2001-01-18 00:00:00,-14.3,127.9,SI,1,Jan,27.413938522338867,31.167639
2001-01-20 00:00:00,-11.6,114.7,SI,1,Jan,27.413938522338867,29.524616
2001-01-21 00:00:00,-18.0,147.4,SP,1,Jan,27.413938522338867,28.461731
2001-02-03 00:00:00,-9.3,137.4,SI,2,Feb,27.535905838012695,29.819729
2001-02-22 00:00:00,-11.4,93.5,SI,2,Feb,27.535905838012695,28.98652
2001-03-12 00:00:00,-18.0,120.6,SI,3,Mar,27.821626663208008,30.226568
2001-03-19 00:00:00,-19.2,50.9,SI,3,Mar,27.821626663208008,28.305864
2001-03-22 00:00:00,-17.7,196.8,SP,3,Mar,27.821626663208008,29.09391
2001-03-26 00:00:00,-12.0,64.0,SI,3,Mar,27.821626663208008,29.191769
2001-04-24 00:00:00,-14.6,74.9,SI,4,Apr,28.086437225341797,28.264767
2001-06-07 00:00:00,20.2,116.8,WP,6,Jun,27.666738510131836,29.063412
2001-06-17 00:00:00,9.6,153.5,WP,6,Jun,27.666738510131836,29.112614
2001-06-20 00:00:00,16.9,114.7,WP,6,Jun,27.666738510131836,29.339895
2001-07-04 00:00:00,7.3,131.8,WP,7,Jul,27.21565818786621,29.906757
2001-07-19 00:00:00,8.1,143.9,WP,7,Jul,27.21565818786621,29.79507
2001-08-01 00:00:00,14.0,147.5,WP,8,Aug,26.99005126953125,29.497663
2001-08-03 00:00:00,8.5,161.2,WP,8,Aug,26.99005126953125,29.920486
2001-08-23 00:00:00,14.5,118.3,WP,8,Aug,26.99005126953125,29.18804
2001-08-27 00:00:00,10.8,110.5,WP,8,Aug,26.99005126953125,28.684475
2001-08-30 00:00:00,17.7,125.3,WP,8,Aug,26.99005126953125,29.494097
2001-09-11 00:00:00,5.0,171.9,WP,9,Sep,27.044475555419922,29.907108
2001-09-17 00:00:00,14.4,140.0,WP,9,Sep,27.044475555419922,29.428457
2001-09-17 00:00:00,14.6,160.3,WP,9,Sep,27.044475555419922,29.458675
2001-09-23 00:00:00,10.9,152.9,WP,9,Sep,27.044475555419922,29.687368
2001-09-26 00:00:00,11.3,167.5,WP,9,Sep,27.044475555419922,29.753485
2001-09-27 00:00:00,17.0,141.7,WP,9,Sep,27.044475555419922,29.449013
2001-09-30 00:00:00,15.9,126.9,WP,9,Sep,27.044475555419922,29.419981
2001-09-30 00:00:00,16.2,141.9,WP,9,Sep,27.044475555419922,29.455196
2001-10-06 00:00:00,11.4,128.9,WP,10,Oct,27.275493621826172,29.355036
2001-10-07 00:00:00,12.9,139.0,WP,10,Oct,27.275493621826172,29.364965
2001-10-19 00:00:00,4.8,142.1,WP,10,Oct,27.275493621826172,29.8834
2001-11-06 00:00:00,3.8,178.6,WP,11,Nov,27.457725524902344,29.175278
2001-11-21 00:00:00,11.4,127.4,WP,11,Nov,27.457725524902344,28.923903
2001-12-14 00:00:00,-11.0,54.0,SI,12,Dec,27.465784072875977,28.235025
2001-12-20 00:00:00,-14.6,156.2,SP,12,Dec,27.465784072875977,28.589924
2001-12-30 00:00:00,-13.7,185.0,SP,12,Dec,27.465784072875977,29.060705
2001-12-30 00:00:00,11.6,138.3,WP,12,Dec,27.465784072875977,28.251205
2001-12-31 00:00:00,-10.5,100.3,SI,12,Dec,27.465784072875977,28.293446
2002-01-04 00:00:00,-9.8,145.3,SP,1,Jan,27.442073822021484,29.624542
2002-01-16 00:00:00,-13.4,70.3,SI,1,Jan,27.442073822021484,28.176739
2002-01-17 00:00:00,-15.7,169.3,SP,1,Jan,27.442073822021484,29.11256
2002-01-24 00:00:00,-11.4,72.8,SI,1,Jan,27.442073822021484,28.579803
2002-01-25 00:00:00,-13.3,163.8,SP,1,Jan,27.442073822021484,29.542206
2002-02-19 00:00:00,-15.6,123.7,SI,2,Feb,27.561927795410156,30.252304
2002-02-21 00:00:00,-14.2,155.4,SP,2,Feb,27.561927795410156,29.61003
2002-02-23 00:00:00,-18.7,156.0,SP,2,Feb,27.561927795410156,28.574234
2002-03-10 00:00:00,-11.1,73.7,SI,3,Mar,27.83539581298828,29.074402
2002-03-18 00:00:00,-20.1,41.8,SI,3,Mar,27.83539581298828,29.692951
2002-03-24 00:00:00,-11.1,150.8,SP,3,Mar,27.83539581298828,29.662634
2002-04-08 00:00:00,-11.2,127.8,SI,4,Apr,28.08806800842285,29.864037
2002-05-20 00:00:00,5.6,150.2,WP,5,May,28.048646926879883,29.59787
2002-05-31 00:00:00,12.9,139.0,WP,5,May,28.048646926879883,28.518696
2002-06-10 00:00:00,21.7,150.1,WP,6,Jun,27.673776626586914,27.545084
2002-06-25 00:00:00,4.0,155.4,WP,6,Jun,27.673776626586914,29.901947
2002-07-09 00:00:00,16.5,152.8,WP,7,Jul,27.220277786254883,28.799099
2002-07-15 00:00:00,18.3,117.0,WP,7,Jul,27.220277786254883,29.440308
2002-08-01 00:00:00,14.2,147.7,WP,8,Aug,26.985132217407227,29.508047
2002-08-05 00:00:00,12.4,129.5,WP,8,Aug,26.985132217407227,29.51713
2002-08-12 00:00:00,11.0,128.3,WP,8,Aug,26.985132217407227,29.589783
2002-08-18 00:00:00,7.4,127.6,WP,8,Aug,26.985132217407227,29.643442
2002-08-30 00:00:00,16.9,116.9,WP,8,Aug,26.985132217407227,29.23658
2002-09-03 00:00:00,18.6,133.6,WP,9,Sep,27.034465789794922,29.517202
2002-09-03 00:00:00,13.2,118.5,WP,9,Sep,27.034465789794922,29.199545
2002-09-11 00:00:00,9.3,172.3,WP,9,Sep,27.034465789794922,29.905272
2002-09-14 00:00:00,17.0,144.7,WP,9,Sep,27.034465789794922,29.483606
2002-09-17 00:00:00,4.4,156.1,WP,9,Sep,27.034465789794922,29.898968
2002-09-20 00:00:00,25.9,146.5,WP,9,Sep,27.034465789794922,28.462503
2002-09-23 00:00:00,15.6,140.7,WP,9,Sep,27.034465789794922,29.545889
2002-09-23 00:00:00,4.5,158.9,WP,9,Sep,27.034465789794922,29.85413
2002-10-02 00:00:00,10.0,179.9,WP,10,Oct,27.26995849609375,29.691097
2002-10-06 00:00:00,9.4,142.7,WP,10,Oct,27.26995849609375,29.678545
2002-10-06 00:00:00,23.7,142.7,WP,10,Oct,27.26995849609375,28.154856
2002-10-09 00:00:00,11.8,156.7,WP,10,Oct,27.26995849609375,29.47388
2002-10-14 00:00:00,13.6,130.5,WP,10,Oct,27.26995849609375,29.385944
2002-11-05 00:00:00,10.1,154.3,WP,11,Nov,27.446125030517578,29.37434
2002-11-22 00:00:00,-4.8,86.8,SI,11,Nov,27.446125030517578,28.282404
2002-12-05 00:00:00,-11.0,130.2,SI,12,Dec,27.465721130371094,30.403982
2002-12-06 00:00:00,14.0,144.3,WP,12,Dec,27.465721130371094,27.925512
2002-12-29 00:00:00,-9.7,182.9,SP,12,Dec,27.465721130371094,29.941126
2003-01-02 00:00:00,-15.9,137.0,SI,1,Jan,27.444398880004883,30.85708
2003-01-24 00:00:00,-12.6,151.2,SP,1,Jan,27.444398880004883,29.498331
2003-01-31 00:00:00,-16.2,127.9,SI,1,Jan,27.444398880004883,32.442284
2003-02-08 00:00:00,-12.8,98.6,SI,2,Feb,27.548994064331055,28.804464
2003-02-10 00:00:00,-15.5,166.1,SP,2,Feb,27.548994064331055,29.517721
2003-02-17 00:00:00,-18.4,171.7,SP,2,Feb,27.548994064331055,28.915518
2003-03-04 00:00:00,-12.9,158.0,SP,3,Mar,27.821165084838867,29.880884
2003-03-14 00:00:00,-10.3,98.7,SI,3,Mar,27.821165084838867,29.325891
2003-03-21 00:00:00,-13.4,81.0,SI,3,Mar,27.821165084838867,28.600897
2003-03-25 00:00:00,-10.6,58.5,SI,3,Mar,27.821165084838867,29.376034
2003-04-11 00:00:00,-8.7,157.2,SP,4,Apr,28.09030532836914,30.098454
2003-04-15 00:00:00,-6.5,95.3,SI,4,Apr,28.09030532836914,29.750116
2003-04-20 00:00:00,-15.7,151.7,SP,4,Apr,28.09030532836914,28.531857
2003-04-28 00:00:00,-9.0,165.6,SP,4,Apr,28.09030532836914,30.143463
2003-05-26 00:00:00,15.4,113.0,WP,5,May,28.051563262939453,29.028723
2003-06-20 00:00:00,-11.3,186.2,SP,6,Jun,27.673118591308594,29.064386
2003-07-03 00:00:00,12.9,153.4,WP,7,Jul,27.234529495239258,29.239477
2003-07-17 00:00:00,8.3,133.0,WP,7,Jul,27.234529495239258,29.995005
2003-07-23 00:00:00,17.8,138.2,WP,7,Jul,27.234529495239258,29.349197
2003-07-26 00:00:00,8.9,140.7,WP,7,Jul,27.234529495239258,29.88706
2003-08-06 00:00:00,13.2,140.7,WP,8,Aug,27.00571632385254,29.58001
2003-08-11 00:00:00,11.8,156.7,WP,8,Aug,27.00571632385254,29.671167
2003-08-20 00:00:00,5.1,163.7,WP,8,Aug,27.00571632385254,30.14502
2003-09-11 00:00:00,10.5,129.0,WP,9,Sep,27.060802459716797,29.507421
2003-09-16 00:00:00,7.6,129.2,WP,9,Sep,27.060802459716797,29.676184
2003-09-26 00:00:00,6.4,140.0,WP,9,Sep,27.060802459716797,29.994839
2003-09-29 00:00:00,12.3,112.6,WP,9,Sep,27.060802459716797,28.806189
2003-10-07 00:00:00,14.2,141.7,WP,10,Oct,27.280954360961914,29.411825
2003-10-18 00:00:00,15.5,118.7,WP,10,Oct,27.280954360961914,28.895178
2003-10-24 00:00:00,17.5,141.4,WP,10,Oct,27.280954360961914,29.20661
2003-10-27 00:00:00,19.7,145.6,WP,10,Oct,27.280954360961914,28.859568
2003-10-28 00:00:00,18.0,123.1,WP,10,Oct,27.280954360961914,28.511942
2003-11-06 00:00:00,8.0,164.0,WP,11,Nov,27.458667755126953,29.721024
2003-11-08 00:00:00,13.9,130.6,WP,11,Nov,27.458667755126953,28.805515
2003-11-15 00:00:00,-7.9,180.5,SP,11,Nov,27.458667755126953,29.903156
2003-12-20 00:00:00,7.1,136.5,WP,12,Dec,27.46876335144043,29.291214
2004-01-01 00:00:00,-10.0,136.0,SI,1,Jan,27.453210830688477,30.1014
2004-01-05 00:00:00,-3.0,80.9,SI,1,Jan,27.453210830688477,29.161535
2004-01-12 00:00:00,-11.6,144.3,SP,1,Jan,27.453210830688477,29.52
2004-01-21 00:00:00,-3.2,159.2,SP,1,Jan,27.453210830688477,29.892694
2004-01-31 00:00:00,-7.8,91.5,SI,1,Jan,27.453210830688477,28.949192
2004-02-02 00:00:00,-6.0,63.1,SI,2,Feb,27.559804916381836,29.118488
2004-02-25 00:00:00,-6.5,68.9,SI,2,Feb,27.559804916381836,29.13534
2004-03-02 00:00:00,-12.8,82.4,SI,3,Mar,27.82021713256836,28.799032
2004-03-08 00:00:00,-10.4,184.9,SP,3,Mar,27.82021713256836,30.1038
2004-03-09 00:00:00,-7.3,73.2,SI,3,Mar,27.82021713256836,29.278967
2004-03-11 00:00:00,-13.7,115.8,SI,3,Mar,27.82021713256836,29.75613
2004-03-12 00:00:00,-16.8,157.6,SP,3,Mar,27.82021713256836,29.054396
2004-03-18 00:00:00,-9.6,155.0,SP,3,Mar,27.82021713256836,29.931032
2004-03-27 00:00:00,-11.1,58.5,SI,3,Mar,27.82021713256836,29.185463
2004-03-30 00:00:00,-6.6,85.8,SI,3,Mar,27.82021713256836,29.31276
2004-04-02 00:00:00,7.0,152.9,WP,4,Apr,28.07250213623047,28.94662
2004-04-07 00:00:00,-11.5,99.0,SI,4,Apr,28.07250213623047,29.084122
2004-04-08 00:00:00,-12.2,160.4,SP,4,Apr,28.07250213623047,29.62029
2004-04-09 00:00:00,-13.3,78.4,SI,4,Apr,28.07250213623047,28.318533
2004-04-22 00:00:00,-13.4,81.0,SI,4,Apr,28.07250213623047,28.270046
2004-04-25 00:00:00,5.8,162.1,WP,4,Apr,28.07250213623047,28.962748
2004-04-29 00:00:00,-13.6,177.0,SP,4,Apr,28.07250213623047,29.692272
2004-05-08 00:00:00,-13.0,114.1,SI,5,May,28.04189682006836,28.741196
2004-05-09 00:00:00,14.5,118.3,WP,5,May,28.04189682006836,29.747585
2004-06-25 00:00:00,12.4,146.1,WP,6,Jun,27.658082962036133,28.940044
2004-07-01 00:00:00,9.1,140.8,WP,7,Jul,27.222383499145508,29.818888
2004-07-06 00:00:00,11.1,138.4,WP,7,Jul,27.222383499145508,29.64245
2004-07-08 00:00:00,7.8,159.7,WP,7,Jul,27.222383499145508,29.703674
2004-08-02 00:00:00,9.1,154.0,WP,8,Aug,26.99451446533203,29.86493
2004-08-03 00:00:00,7.6,175.6,WP,8,Aug,26.99451446533203,29.738993
2004-08-14 00:00:00,5.7,153.6,WP,8,Aug,26.99451446533203,30.041014
2004-08-21 00:00:00,8.0,145.0,WP,8,Aug,26.99451446533203,29.920237
2004-08-26 00:00:00,9.4,146.5,WP,8,Aug,26.99451446533203,29.814325
2004-09-24 00:00:00,7.3,160.0,WP,9,Sep,27.042333602905273,30.045355
2004-10-04 00:00:00,-3.7,95.1,SI,10,Oct,27.2800350189209,27.99891
2004-10-10 00:00:00,9.1,137.0,WP,10,Oct,27.2800350189209,29.64964
2004-10-11 00:00:00,18.4,151.3,WP,10,Oct,27.2800350189209,28.798016
2004-10-24 00:00:00,14.0,136.0,WP,10,Oct,27.2800350189209,29.409494
2004-10-31 00:00:00,11.6,153.8,WP,10,Oct,27.2800350189209,29.478992
2004-11-13 00:00:00,-17.4,122.9,SI,11,Nov,27.437156677246094,29.130198
2004-11-16 00:00:00,-9.2,203.3,SP,11,Nov,27.437156677246094,29.328213
2004-12-10 00:00:00,-10.6,137.7,SI,12,Dec,27.454299926757812,29.610306
2004-12-14 00:00:00,-15.6,149.2,SP,12,Dec,27.454299926757812,28.190662
2004-12-18 00:00:00,-8.3,100.5,SI,12,Dec,27.454299926757812,28.677359
2004-12-24 00:00:00,-18.1,120.1,SI,12,Dec,27.454299926757812,29.406023
2004-12-26 00:00:00,-17.4,122.9,SI,12,Dec,27.454299926757812,30.182383
2004-12-30 00:00:00,-12.6,100.5,SI,12,Dec,27.454299926757812,27.743832
2004-12-31 00:00:00,-11.6,114.7,SI,12,Dec,27.454299926757812,29.883982
2005-01-03 00:00:00,-11.4,72.8,SI,1,Jan,27.450952529907227,28.635965
2005-01-03 00:00:00,-11.6,140.0,SI,1,Jan,27.450952529907227,30.139517
2005-01-09 00:00:00,-10.2,79.6,SI,1,Jan,27.450952529907227,28.570185
2005-01-12 00:00:00,-9.8,99.2,SI,1,Jan,27.450952529907227,29.009796
2005-01-14 00:00:00,-9.1,161.7,SP,1,Jan,27.450952529907227,29.9522
2005-01-16 00:00:00,-15.7,169.3,SP,1,Jan,27.450952529907227,29.019619
2005-01-22 00:00:00,-15.4,146.2,SP,1,Jan,27.450952529907227,29.003302
2005-02-04 00:00:00,-12.6,68.3,SI,2,Feb,27.57037925720215,28.907724
2005-02-05 00:00:00,-14.0,54.4,SI,2,Feb,27.57037925720215,28.931475
2005-02-12 00:00:00,-16.3,151.0,SP,2,Feb,27.57037925720215,29.23497
2005-02-14 00:00:00,-8.0,85.5,SI,2,Feb,27.57037925720215,29.02792
2005-02-16 00:00:00,-8.9,60.1,SI,2,Feb,27.57037925720215,28.948675
2005-02-22 00:00:00,-8.3,171.4,SP,2,Feb,27.57037925720215,30.034575
2005-03-16 00:00:00,-12.9,175.9,SP,3,Mar,27.83978843688965,29.908152
2005-03-16 00:00:00,-14.4,100.5,SI,3,Mar,27.83978843688965,28.58435
2005-03-17 00:00:00,-10.5,62.9,SI,3,Mar,27.83978843688965,29.290333
2005-03-21 00:00:00,-12.2,181.3,SP,3,Mar,27.83978843688965,30.032904
2005-03-27 00:00:00,-13.4,76.0,SI,3,Mar,27.83978843688965,28.808926
2005-04-05 00:00:00,6.9,153.6,WP,4,Apr,28.095678329467773,28.926401
2005-04-11 00:00:00,-15.4,172.1,SP,4,Apr,28.095678329467773,29.046421
2005-04-21 00:00:00,-13.1,160.1,SP,4,Apr,28.095678329467773,29.386347
2005-04-23 00:00:00,-11.3,138.3,SI,4,Apr,28.095678329467773,29.655783
2005-04-25 00:00:00,-8.1,72.9,SI,4,Apr,28.095678329467773,29.443558
2005-04-29 00:00:00,-13.0,134.0,SI,4,Apr,28.095678329467773,29.896143
2005-05-01 00:00:00,16.1,146.2,WP,5,May,28.063575744628906,27.704113
2005-05-08 00:00:00,6.6,173.3,WP,5,May,28.063575744628906,29.064783
2005-05-10 00:00:00,14.4,140.0,WP,5,May,28.063575744628906,28.228811
2005-05-15 00:00:00,9.0,134.0,WP,5,May,28.063575744628906,29.356167
2005-05-21 00:00:00,8.5,152.9,WP,5,May,28.063575744628906,29.016779
2005-05-28 00:00:00,10.9,161.8,WP,5,May,28.063575744628906,28.273539
2005-06-01 00:00:00,10.7,171.5,WP,6,Jun,27.68111801147461,28.563034
2005-06-14 00:00:00,8.5,144.0,WP,6,Jun,27.68111801147461,29.693651
2005-06-24 00:00:00,18.5,152.9,WP,6,Jun,27.68111801147461,27.966288
2005-06-25 00:00:00,9.1,155.3,WP,6,Jun,27.68111801147461,29.319662
2005-07-22 00:00:00,8.5,161.2,WP,7,Jul,27.22543716430664,29.587431
2005-08-03 00:00:00,17.8,124.1,WP,8,Aug,26.988399505615234,29.612173
2005-08-06 00:00:00,27.2,139.9,WP,8,Aug,26.988399505615234,28.35907
2005-08-06 00:00:00,15.8,164.6,WP,8,Aug,26.988399505615234,29.030462
2005-08-09 00:00:00,8.2,154.2,WP,8,Aug,26.988399505615234,29.93428
2005-08-11 00:00:00,8.6,166.9,WP,8,Aug,26.988399505615234,29.77089
2005-08-11 00:00:00,16.0,128.7,WP,8,Aug,26.988399505615234,29.61157
2005-08-15 00:00:00,20.7,110.4,WP,8,Aug,26.988399505615234,29.248444
2005-08-17 00:00:00,7.0,152.7,WP,8,Aug,26.988399505615234,29.996094
2005-08-24 00:00:00,17.1,117.2,WP,8,Aug,26.988399505615234,29.390162
2005-09-03 00:00:00,10.7,120.3,WP,9,Sep,27.021595001220703,29.407635
2005-09-04 00:00:00,5.8,162.1,WP,9,Sep,27.021595001220703,30.055182
2005-09-04 00:00:00,14.2,133.5,WP,9,Sep,27.021595001220703,29.442871
2005-09-04 00:00:00,11.8,193.3,WP,9,Sep,27.021595001220703,29.129498
2005-09-15 00:00:00,15.6,139.1,WP,9,Sep,27.021595001220703,29.473019
2005-09-18 00:00:00,-9.0,165.6,SP,9,Sep,27.021595001220703,28.853947
2005-10-02 00:00:00,12.9,126.6,WP,10,Oct,27.258651733398438,29.419514
2005-10-09 00:00:00,15.9,117.0,WP,10,Oct,27.258651733398438,28.869308
2005-10-09 00:00:00,11.3,160.3,WP,10,Oct,27.258651733398438,29.566553
2005-10-16 00:00:00,6.0,152.0,WP,10,Oct,27.258651733398438,29.928009
2005-11-07 00:00:00,12.1,147.3,WP,11,Nov,27.418542861938477,28.994547
2005-11-19 00:00:00,-8.2,163.5,SP,11,Nov,27.418542861938477,29.70394
2005-11-26 00:00:00,-13.5,119.8,SI,11,Nov,27.418542861938477,29.66962
2005-12-06 00:00:00,-7.3,69.1,SI,12,Dec,27.434463500976562,28.777771
2005-12-13 00:00:00,8.9,135.2,WP,12,Dec,27.434463500976562,28.869228
2005-12-18 00:00:00,-9.0,92.5,SI,12,Dec,27.434463500976562,28.235384
2005-12-30 00:00:00,-19.1,41.2,SI,12,Dec,27.434463500976562,28.825634
2005-12-31 00:00:00,-9.2,95.7,SI,12,Dec,27.434463500976562,28.37702
2006-01-08 00:00:00,-6.1,97.2,SI,1,Jan,27.427309036254883,29.176281
2006-01-18 00:00:00,-11.6,66.1,SI,1,Jan,27.427309036254883,28.668545
2006-01-25 00:00:00,-11.8,115.2,SI,1,Jan,27.427309036254883,29.863459
2006-02-01 00:00:00,-11.1,58.5,SI,2,Feb,27.546897888183594,28.894186
2006-02-19 00:00:00,-9.3,64.6,SI,2,Feb,27.546897888183594,29.092161
2006-03-05 00:00:00,-19.0,64.3,SI,3,Mar,27.815515518188477,27.884068
2006-03-08 00:00:00,-7.9,69.1,SI,3,Mar,27.815515518188477,29.336481
2006-03-15 00:00:00,-8.1,72.9,SI,3,Mar,27.815515518188477,29.25243
2006-03-18 00:00:00,-11.5,99.0,SI,3,Mar,27.815515518188477,29.240396
2006-04-09 00:00:00,-13.2,138.0,SI,4,Apr,28.087005615234375,29.6325
2006-04-29 00:00:00,-18.0,154.1,SP,4,Apr,28.087005615234375,27.70036
2006-05-20 00:00:00,18.3,117.0,WP,5,May,28.041812896728516,28.954605
2006-06-09 00:00:00,14.0,147.5,WP,6,Jun,27.668174743652344,28.688555
2006-06-25 00:00:00,12.0,192.4,WP,6,Jun,27.668174743652344,28.048166
2006-06-27 00:00:00,20.0,120.4,WP,6,Jun,27.668174743652344,29.274775
2006-06-29 00:00:00,9.7,159.2,WP,6,Jun,27.668174743652344,29.133968
2006-07-17 00:00:00,12.3,151.6,WP,7,Jul,27.231449127197266,29.340387
2006-07-30 00:00:00,5.2,166.1,WP,7,Jul,27.231449127197266,29.940556
2006-08-10 00:00:00,11.4,133.1,WP,8,Aug,26.996212005615234,29.619446
2006-08-18 00:00:00,11.9,144.4,WP,8,Aug,26.996212005615234,29.658148
2006-08-18 00:00:00,19.1,166.2,WP,8,Aug,26.996212005615234,28.62891
2006-08-27 00:00:00,2.9,171.1,WP,8,Aug,26.996212005615234,29.378988
2006-08-27 00:00:00,11.9,127.4,WP,8,Aug,26.996212005615234,29.575953
2006-08-29 00:00:00,7.0,151.3,WP,8,Aug,26.996212005615234,30.017054
2006-08-30 00:00:00,19.9,156.2,WP,8,Aug,26.996212005615234,28.910477
2006-09-02 00:00:00,7.1,103.7,WP,9,Sep,27.046348571777344,29.342554
2006-09-05 00:00:00,25.9,146.5,WP,9,Sep,27.046348571777344,28.380993
2006-09-15 00:00:00,5.0,141.5,WP,9,Sep,27.046348571777344,30.0236
2006-09-21 00:00:00,5.2,151.3,WP,9,Sep,27.046348571777344,30.049875
2006-09-21 00:00:00,19.0,137.8,WP,9,Sep,27.046348571777344,29.471218
2006-10-08 00:00:00,8.6,166.9,WP,10,Oct,27.2766056060791,29.97132
2006-10-13 00:00:00,9.3,131.8,WP,10,Oct,27.2766056060791,29.606802
2006-10-14 00:00:00,13.2,143.8,WP,10,Oct,27.2766056060791,29.41329
2006-10-22 00:00:00,-6.1,97.2,SI,10,Oct,27.2766056060791,27.623953
2006-10-24 00:00:00,20.0,160.2,WP,10,Oct,27.2766056060791,28.317974
2006-11-01 00:00:00,5.0,171.6,WP,11,Nov,27.44036293029785,29.65129
2006-11-04 00:00:00,14.9,131.9,WP,11,Nov,27.44036293029785,28.511
2007-01-02 00:00:00,-4.6,93.0,SI,1,Jan,27.432659149169922,29.046524
2007-01-04 00:00:00,-12.3,111.7,SI,1,Jan,27.432659149169922,29.396622
2007-01-05 00:00:00,-19.3,199.3,SP,1,Jan,27.432659149169922,27.882929
2007-01-19 00:00:00,-4.9,79.4,SI,1,Jan,27.432659149169922,28.962254
2007-01-23 00:00:00,9.1,140.7,WP,1,Jan,27.432659149169922,28.444769
2007-01-26 00:00:00,-10.2,79.6,SI,1,Jan,27.432659149169922,28.62393
2007-02-06 00:00:00,-16.0,52.0,SI,2,Feb,27.54900360107422,28.568134
2007-02-09 00:00:00,-11.7,112.6,SI,2,Feb,27.54900360107422,29.304407
2007-02-12 00:00:00,-13.7,115.8,SI,2,Feb,27.54900360107422,29.43628
2007-02-16 00:00:00,-3.6,181.5,SP,2,Feb,27.54900360107422,28.92066
2007-03-03 00:00:00,-13.2,163.3,SP,3,Mar,27.814786911010742,29.789255
2007-03-21 00:00:00,-8.4,180.5,SP,3,Mar,27.814786911010742,30.12738
2007-04-18 00:00:00,-8.3,171.4,SP,4,Apr,28.079309463500977,30.211218
2007-04-22 00:00:00,-10.6,132.2,SI,4,Apr,28.079309463500977,29.878431
2007-04-26 00:00:00,-7.6,132.8,SI,4,Apr,28.079309463500977,29.804266
2007-04-27 00:00:00,-12.9,175.9,SP,4,Apr,28.079309463500977,29.804306
2007-05-06 00:00:00,14.5,117.6,WP,5,May,28.045053482055664,29.683193
2007-05-18 00:00:00,13.4,131.4,WP,5,May,28.045053482055664,28.852682
2007-06-02 00:00:00,20.4,143.9,WP,6,Jun,27.669960021972656,28.299244
2007-06-27 00:00:00,21.0,140.9,WP,6,Jun,27.669960021972656,28.256418
2007-07-09 00:00:00,10.5,160.4,WP,7,Jul,27.240468978881836,29.242544
2007-07-11 00:00:00,20.2,128.7,WP,7,Jul,27.240468978881836,29.339594
2007-07-13 00:00:00,18.0,123.1,WP,7,Jul,27.240468978881836,29.593925
2007-08-20 00:00:00,20.2,128.7,WP,8,Aug,27.016603469848633,29.567526
2007-09-06 00:00:00,20.0,133.3,WP,9,Sep,27.06109619140625,29.39465
2007-09-17 00:00:00,15.0,135.1,WP,9,Sep,27.06109619140625,29.56636
2007-09-21 00:00:00,24.3,145.1,WP,9,Sep,27.06109619140625,28.654762
2007-09-27 00:00:00,10.0,143.5,WP,9,Sep,27.06109619140625,29.817886
2007-10-06 00:00:00,5.3,145.0,WP,10,Oct,27.296659469604492,29.973955
2007-10-08 00:00:00,10.8,130.1,WP,10,Oct,27.296659469604492,29.553394
2007-10-10 00:00:00,12.7,153.2,WP,10,Oct,27.296659469604492,29.48508
2007-10-12 00:00:00,7.9,162.9,WP,10,Oct,27.296659469604492,30.012615
2007-10-16 00:00:00,10.5,129.0,WP,10,Oct,27.296659469604492,29.538742
2007-10-16 00:00:00,13.4,113.5,WP,10,Oct,27.296659469604492,28.54446
2007-10-23 00:00:00,7.3,179.0,WP,10,Oct,27.296659469604492,29.990881
2007-12-10 00:00:00,-4.6,93.0,SI,12,Dec,27.481719970703125,28.903173
2007-12-12 00:00:00,-19.2,41.2,SI,12,Dec,27.481719970703125,28.775211
2007-12-17 00:00:00,-13.6,177.0,SP,12,Dec,27.481719970703125,28.953686
2007-12-23 00:00:00,-11.6,103.8,SI,12,Dec,27.481719970703125,28.610836
2007-12-25 00:00:00,-6.4,184.4,SP,12,Dec,27.481719970703125,29.700766
2008-01-13 00:00:00,-17.4,195.7,SP,1,Jan,27.465435028076172,28.432068
2008-01-20 00:00:00,-15.7,146.6,SP,1,Jan,27.465435028076172,28.968897
2008-01-23 00:00:00,-12.0,101.2,SI,1,Jan,27.465435028076172,28.882654
2008-01-31 00:00:00,-7.2,75.6,SI,1,Jan,27.465435028076172,29.000134
2008-02-18 00:00:00,-12.4,73.5,SI,2,Feb,27.582551956176758,28.877605
2008-02-21 00:00:00,-19.7,120.9,SI,2,Feb,27.582551956176758,30.465857
2008-02-26 00:00:00,-19.5,150.7,SP,2,Feb,27.582551956176758,28.647291
2008-03-04 00:00:00,-11.7,157.0,SP,3,Mar,27.86288070678711,29.972082
2008-03-11 00:00:00,-3.9,170.9,SP,3,Mar,27.86288070678711,29.527052
2008-03-13 00:00:00,-14.0,162.4,SP,3,Mar,27.86288070678711,29.754845
2008-03-21 00:00:00,-7.8,94.7,SI,3,Mar,27.86288070678711,29.338726
2008-03-25 00:00:00,-12.0,76.8,SI,3,Mar,27.86288070678711,29.113483
2008-04-03 00:00:00,-11.8,80.4,SI,4,Apr,28.12969398498535,28.710049
2008-04-08 00:00:00,-17.5,188.8,SP,4,Apr,28.12969398498535,28.677402
2008-04-14 00:00:00,-10.0,171.7,SP,4,Apr,28.12969398498535,30.149155
2008-04-22 00:00:00,-11.6,72.2,SI,4,Apr,28.12969398498535,28.901058
2008-05-24 00:00:00,5.0,139.0,WP,5,May,28.08985137939453,29.988647
2008-06-22 00:00:00,7.5,145.3,WP,6,Jun,27.712589263916016,29.850645
2008-06-26 00:00:00,18.4,112.6,WP,6,Jun,27.712589263916016,28.89396
2008-07-18 00:00:00,7.2,143.6,WP,7,Jul,27.277902603149414,30.048706
2008-07-20 00:00:00,20.8,145.9,WP,7,Jul,27.277902603149414,28.9953
2008-08-02 00:00:00,8.8,172.2,WP,8,Aug,27.046268463134766,29.81055
2008-08-08 00:00:00,13.4,140.7,WP,8,Aug,27.046268463134766,29.613728
2008-08-09 00:00:00,9.2,159.2,WP,8,Aug,27.046268463134766,29.963129
2008-08-12 00:00:00,9.2,163.3,WP,8,Aug,27.046268463134766,29.947046
2008-08-13 00:00:00,11.8,152.7,WP,8,Aug,27.046268463134766,29.687153
2008-08-13 00:00:00,14.9,116.5,WP,8,Aug,27.046268463134766,29.279917
2008-09-04 00:00:00,10.1,158.6,WP,9,Sep,27.096118927001953,30.045773
2008-09-10 00:00:00,8.0,132.8,WP,9,Sep,27.096118927001953,29.817469
2008-09-19 00:00:00,24.3,145.1,WP,9,Sep,27.096118927001953,28.752798
2008-09-21 00:00:00,15.4,114.9,WP,9,Sep,27.096118927001953,29.160236
2008-10-08 00:00:00,19.5,124.0,WP,10,Oct,27.324012756347656,28.369394
2008-10-09 00:00:00,7.2,133.9,WP,10,Oct,27.324012756347656,29.878464
2008-10-17 00:00:00,4.1,156.1,WP,10,Oct,27.324012756347656,29.92161
2008-10-18 00:00:00,20.4,122.5,WP,10,Oct,27.324012756347656,28.179712
2008-10-20 00:00:00,18.9,149.1,WP,10,Oct,27.324012756347656,28.890915
2008-10-28 00:00:00,20.6,169.6,WP,10,Oct,27.324012756347656,27.944944
2008-12-12 00:00:00,-14.1,62.0,SI,12,Dec,27.497604370117188,27.630743
2008-12-27 00:00:00,-12.0,64.0,SI,12,Dec,27.497604370117188,28.134365
2009-01-11 00:00:00,-4.0,163.4,SP,1,Jan,27.463054656982422,29.953274
2009-01-13 00:00:00,-8.1,51.8,SI,1,Jan,27.463054656982422,28.88769
2009-02-12 00:00:00,-17.0,42.9,SI,2,Feb,27.573532104492188,29.404692
2009-02-21 00:00:00,-13.1,135.2,SI,2,Feb,27.573532104492188,30.460238
2009-03-22 00:00:00,-12.0,185.3,SP,3,Mar,27.835865020751953,30.019903
2009-03-28 00:00:00,-12.6,163.1,SP,3,Mar,27.835865020751953,29.908432
2009-03-29 00:00:00,-10.3,175.5,SP,3,Mar,27.835865020751953,30.115532
2009-03-31 00:00:00,-20.1,41.8,SI,3,Mar,27.835865020751953,29.656963
2009-04-05 00:00:00,-7.7,92.9,SI,4,Apr,28.090559005737305,29.456959
2009-04-05 00:00:00,-9.0,143.5,SP,4,Apr,28.090559005737305,29.745672
2009-04-22 00:00:00,-9.9,68.0,SI,4,Apr,28.090559005737305,29.232693
2009-04-25 00:00:00,-11.3,212.6,SP,4,Apr,28.090559005737305,29.621729
2009-04-30 00:00:00,9.4,149.5,WP,4,Apr,28.090559005737305,28.503267
2009-05-02 00:00:00,12.0,142.4,WP,5,May,28.052968978881836,28.655697
2009-05-07 00:00:00,4.8,142.1,WP,5,May,28.052968978881836,29.91973
2009-05-14 00:00:00,5.6,193.7,WP,5,May,28.052968978881836,28.93484
2009-05-29 00:00:00,5.4,156.4,WP,5,May,28.052968978881836,29.622375
2009-07-01 00:00:00,20.0,160.2,WP,7,Jul,27.253454208374023,28.234243
2009-07-24 00:00:00,24.0,162.3,WP,7,Jul,27.253454208374023,27.593197
2009-07-28 00:00:00,12.8,130.3,WP,7,Jul,27.253454208374023,29.723812
2009-07-31 00:00:00,3.1,179.0,WP,7,Jul,27.253454208374023,29.345066
2009-08-09 00:00:00,19.4,124.8,WP,8,Aug,27.02596664428711,29.701574
2009-08-11 00:00:00,22.9,108.4,WP,8,Aug,27.02596664428711,30.20202
2009-08-14 00:00:00,4.0,155.4,WP,8,Aug,27.02596664428711,30.048141
2009-08-22 00:00:00,5.5,143.8,WP,8,Aug,27.02596664428711,30.053406
2009-08-26 00:00:00,7.4,127.6,WP,8,Aug,27.02596664428711,29.695902
2009-09-10 00:00:00,18.3,117.0,WP,9,Sep,27.078189849853516,29.351368
2009-09-15 00:00:00,9.6,162.2,WP,9,Sep,27.078189849853516,29.963577
2009-09-21 00:00:00,14.6,126.2,WP,9,Sep,27.078189849853516,29.464493
2009-09-30 00:00:00,17.7,161.6,WP,9,Sep,27.078189849853516,29.126608
2009-10-10 00:00:00,8.6,166.9,WP,10,Oct,27.317928314208984,29.975376
2009-10-17 00:00:00,5.0,171.6,WP,10,Oct,27.317928314208984,29.866953
2009-12-06 00:00:00,-12.1,178.1,SP,12,Dec,27.49991226196289,29.519598
2009-12-11 00:00:00,-12.0,98.0,SI,12,Dec,27.49991226196289,27.925226
2009-12-15 00:00:00,7.9,140.7,WP,12,Dec,27.49991226196289,29.185307
2009-12-18 00:00:00,-16.0,123.1,SI,12,Dec,27.49991226196289,30.449255
2009-12-22 00:00:00,-6.6,97.4,SI,12,Dec,27.49991226196289,28.826624
2009-12-26 00:00:00,-3.7,91.6,SI,12,Dec,27.49991226196289,29.000755
2009-12-30 00:00:00,-11.0,178.1,SP,12,Dec,27.49991226196289,29.834133
2010-01-07 00:00:00,-11.6,85.7,SI,1,Jan,27.491779327392578,28.228678
2010-01-18 00:00:00,-12.3,71.8,SI,1,Jan,27.491779327392578,28.57508
2010-01-19 00:00:00,-13.1,135.2,SI,1,Jan,27.491779327392578,30.648417
2010-01-21 00:00:00,-7.6,168.9,SP,1,Jan,27.491779327392578,30.192114
2010-01-25 00:00:00,-12.3,53.7,SI,1,Jan,27.491779327392578,28.694809
2010-01-26 00:00:00,-10.4,179.5,SP,1,Jan,27.491779327392578,30.090258
2010-01-28 00:00:00,-12.1,178.1,SP,1,Jan,27.491779327392578,29.876745
2010-03-05 00:00:00,-12.8,89.4,SI,3,Mar,27.90000343322754,28.826777
2010-03-10 00:00:00,-6.5,68.9,SI,3,Mar,27.90000343322754,29.491068
2010-03-29 00:00:00,-8.6,181.0,SP,3,Mar,27.90000343322754,30.189764
2010-04-01 00:00:00,-14.4,100.5,SI,4,Apr,28.157814025878906,28.347849
2010-04-23 00:00:00,8.0,155.8,WP,4,Apr,28.157814025878906,28.750763
2010-04-29 00:00:00,-7.5,168.9,SP,4,Apr,28.157814025878906,30.241793
2010-05-31 00:00:00,7.6,175.6,WP,5,May,28.108505249023438,28.922348
2010-06-08 00:00:00,11.6,153.8,WP,6,Jun,27.73593521118164,28.855978
2010-06-15 00:00:00,6.8,170.6,WP,6,Jun,27.73593521118164,29.481176
2010-07-24 00:00:00,15.9,136.2,WP,7,Jul,27.299755096435547,29.469797
2010-07-25 00:00:00,15.4,149.1,WP,7,Jul,27.299755096435547,29.147253
2010-08-08 00:00:00,17.0,141.7,WP,8,Aug,27.058149337768555,29.520187
2010-08-12 00:00:00,12.0,151.9,WP,8,Aug,27.058149337768555,29.674301
2010-08-15 00:00:00,26.3,121.6,WP,8,Aug,27.058149337768555,28.602234
2010-08-25 00:00:00,4.0,160.0,WP,8,Aug,27.058149337768555,30.074123
2010-08-31 00:00:00,14.8,117.9,WP,8,Aug,27.058149337768555,29.459438
2010-09-11 00:00:00,9.1,162.7,WP,9,Sep,27.103899002075195,30.06311
2010-09-15 00:00:00,20.6,158.8,WP,9,Sep,27.103899002075195,28.778452
2010-09-15 00:00:00,20.1,138.0,WP,9,Sep,27.103899002075195,29.361492
2010-09-23 00:00:00,19.4,146.0,WP,9,Sep,27.103899002075195,29.28128
2010-09-28 00:00:00,12.0,151.9,WP,9,Sep,27.103899002075195,29.711233
2010-10-08 00:00:00,19.7,132.7,WP,10,Oct,27.340045928955078,28.862854
2010-10-14 00:00:00,11.3,167.5,WP,10,Oct,27.340045928955078,29.616617
2010-10-17 00:00:00,14.2,156.4,WP,10,Oct,27.340045928955078,29.269012
2010-11-01 00:00:00,19.4,146.0,WP,11,Nov,27.499752044677734,27.95158
2010-11-07 00:00:00,9.8,163.2,WP,11,Nov,27.499752044677734,29.32787
2010-11-15 00:00:00,-12.6,121.5,SI,11,Nov,27.499752044677734,29.997976
2010-11-25 00:00:00,5.5,170.5,WP,11,Nov,27.499752044677734,29.779852
2010-12-12 00:00:00,-9.5,78.0,SI,12,Dec,27.511852264404297,28.325241
2010-12-26 00:00:00,-12.9,182.1,SP,12,Dec,27.511852264404297,29.31431
2011-01-03 00:00:00,-9.6,87.0,SI,1,Jan,27.501461029052734,28.728527
2011-01-09 00:00:00,-13.1,131.2,SI,1,Jan,27.501461029052734,31.024282
2011-01-10 00:00:00,-16.6,112.3,SI,1,Jan,27.501461029052734,28.28825
2011-01-15 00:00:00,-15.0,115.0,SI,1,Jan,27.501461029052734,29.30229
2011-01-17 00:00:00,-4.9,170.1,SP,1,Jan,27.501461029052734,30.014517
2011-01-30 00:00:00,-11.4,110.0,SI,1,Jan,27.501461029052734,29.335127
2011-02-01 00:00:00,-10.2,70.6,SI,2,Feb,27.61841583251953,29.114603
2011-02-01 00:00:00,-11.0,92.0,SI,2,Feb,27.61841583251953,29.175648
2011-02-16 00:00:00,-3.7,91.6,SI,2,Feb,27.61841583251953,29.268265
2011-02-19 00:00:00,-11.6,114.7,SI,2,Feb,27.61841583251953,29.328074
2011-02-20 00:00:00,-17.6,156.4,SP,2,Feb,27.61841583251953,29.188885
2011-02-26 00:00:00,-6.7,78.0,SI,2,Feb,27.61841583251953,29.106699
2011-03-11 00:00:00,-12.6,100.5,SI,3,Mar,27.902257919311523,29.115915
2011-03-13 00:00:00,-13.6,155.9,SP,3,Mar,27.902257919311523,29.767054
2011-03-14 00:00:00,-10.2,99.6,SI,3,Mar,27.902257919311523,29.35554
2011-03-24 00:00:00,-15.6,137.5,SI,3,Mar,27.902257919311523,30.647993
2011-03-26 00:00:00,-10.5,86.6,SI,3,Mar,27.902257919311523,29.141521
2011-03-28 00:00:00,-15.0,170.0,SP,3,Mar,27.902257919311523,29.589237
2011-03-31 00:00:00,-11.9,204.3,SP,3,Mar,27.902257919311523,29.988811
2011-04-21 00:00:00,-9.8,107.7,SI,4,Apr,28.17581558227539,29.550114
2011-04-23 00:00:00,-11.7,89.5,SI,4,Apr,28.17581558227539,28.81694
2011-04-23 00:00:00,-16.9,173.2,SP,4,Apr,28.17581558227539,28.712198
2011-05-25 00:00:00,6.1,159.0,WP,5,May,28.14739418029785,29.488308
2011-07-04 00:00:00,7.6,126.1,WP,7,Jul,27.34823989868164,29.724249
2011-07-21 00:00:00,19.7,121.3,WP,7,Jul,27.34823989868164,29.749222
2011-07-28 00:00:00,12.0,144.0,WP,7,Jul,27.34823989868164,29.562504
2011-08-09 00:00:00,7.2,133.9,WP,8,Aug,27.123743057250977,29.891413
2011-08-13 00:00:00,7.6,129.2,WP,8,Aug,27.123743057250977,29.799292
2011-08-19 00:00:00,12.5,139.2,WP,8,Aug,27.123743057250977,29.700373
2011-09-03 00:00:00,8.6,166.9,WP,9,Sep,27.17715835571289,30.133045
2011-09-04 00:00:00,9.6,139.2,WP,9,Sep,27.17715835571289,29.704823
2011-09-28 00:00:00,8.3,140.6,WP,9,Sep,27.17715835571289,29.839973
2011-09-29 00:00:00,9.2,113.4,WP,9,Sep,27.17715835571289,29.119848
2011-10-05 00:00:00,17.0,149.6,WP,10,Oct,27.409523010253906,29.062685
2011-10-08 00:00:00,8.6,137.2,WP,10,Oct,27.409523010253906,29.728115
2011-10-11 00:00:00,12.6,135.1,WP,10,Oct,27.409523010253906,29.573212
2011-10-12 00:00:00,25.9,148.9,WP,10,Oct,27.409523010253906,27.540531
2011-10-18 00:00:00,8.0,154.3,WP,10,Oct,27.409523010253906,29.96757
2011-10-18 00:00:00,7.7,153.9,WP,10,Oct,27.409523010253906,29.96757
2011-10-21 00:00:00,20.2,128.7,WP,10,Oct,27.409523010253906,28.581196
2011-10-22 00:00:00,3.9,144.4,WP,10,Oct,27.409523010253906,30.025488
2011-10-25 00:00:00,15.0,117.8,WP,10,Oct,27.409523010253906,29.21448
2011-11-04 00:00:00,6.4,140.0,WP,11,Nov,27.580381393432617,29.87318
2011-11-29 00:00:00,-4.0,163.4,SP,11,Nov,27.580381393432617,30.050888
2011-12-25 00:00:00,11.3,133.5,WP,12,Dec,27.595420837402344,28.404404
2011-12-27 00:00:00,-13.0,134.0,SI,12,Dec,27.595420837402344,30.308832
2012-01-03 00:00:00,-8.5,194.3,SP,1,Jan,27.580631256103516,29.967735
2012-01-06 00:00:00,-10.6,58.5,SI,1,Jan,27.580631256103516,28.856573
2012-01-08 00:00:00,-9.5,182.4,SP,1,Jan,27.580631256103516,30.186453
2012-01-11 00:00:00,-18.0,122.0,SI,1,Jan,27.580631256103516,30.513596
2012-01-11 00:00:00,-12.6,124.3,SI,1,Jan,27.580631256103516,30.332645
2012-01-12 00:00:00,-16.1,161.4,SP,1,Jan,27.580631256103516,28.87025
2012-01-17 00:00:00,-6.2,75.5,SI,1,Jan,27.580631256103516,29.136982
2012-01-17 00:00:00,-9.9,60.3,SI,1,Jan,27.580631256103516,28.941006
2012-01-28 00:00:00,-4.0,79.3,SI,1,Jan,27.580631256103516,29.201801
2012-02-10 00:00:00,-12.8,82.4,SI,2,Feb,27.69290542602539,28.825764
2012-02-21 00:00:00,-17.8,42.2,SI,2,Feb,27.69290542602539,29.77315
2012-03-07 00:00:00,-8.1,98.1,SI,3,Mar,27.970691680908203,29.64797
2012-03-07 00:00:00,-8.5,194.3,SP,3,Mar,27.970691680908203,30.184698
2012-03-10 00:00:00,-9.6,101.7,SI,3,Mar,27.970691680908203,29.602789
2012-03-14 00:00:00,-18.0,122.0,SI,3,Mar,27.970691680908203,30.732815
2012-03-22 00:00:00,-15.6,123.7,SI,3,Mar,27.970691680908203,30.365763
2012-03-27 00:00:00,-11.6,72.2,SI,3,Mar,27.970691680908203,29.248617
2012-03-28 00:00:00,-19.0,52.8,SI,3,Mar,27.970691680908203,28.604618
2012-03-28 00:00:00,-12.6,91.7,SI,3,Mar,27.970691680908203,28.989353
2012-04-16 00:00:00,-12.4,119.2,SI,4,Apr,28.22911262512207,29.911066
2012-05-19 00:00:00,-4.8,84.3,SI,5,May,28.190393447875977,29.790342
2012-06-23 00:00:00,21.6,117.5,WP,6,Jun,27.813220977783203,28.666492
2012-07-03 00:00:00,3.4,149.1,WP,7,Jul,27.36735725402832,30.041126
2012-07-21 00:00:00,21.4,146.2,WP,7,Jul,27.36735725402832,28.992289
2012-07-25 00:00:00,13.8,133.3,WP,7,Jul,27.36735725402832,29.75474
2012-07-25 00:00:00,9.6,133.7,WP,7,Jul,27.36735725402832,29.906713
2012-08-01 00:00:00,9.6,139.2,WP,8,Aug,27.14275360107422,29.85561
2012-08-08 00:00:00,10.3,174.7,WP,8,Aug,27.14275360107422,29.564238
2012-08-09 00:00:00,19.4,124.8,WP,8,Aug,27.14275360107422,29.80636
2012-08-10 00:00:00,8.3,140.6,WP,8,Aug,27.14275360107422,29.95925
2012-08-18 00:00:00,9.8,183.2,WP,8,Aug,27.14275360107422,29.448635
2012-08-27 00:00:00,25.8,134.3,WP,8,Aug,27.14275360107422,28.96322
2012-08-31 00:00:00,4.8,163.2,WP,8,Aug,27.14275360107422,30.083426
2012-09-09 00:00:00,15.2,137.4,WP,9,Sep,27.18878936767578,29.6349
2012-09-09 00:00:00,27.0,135.0,WP,9,Sep,27.18878936767578,28.722237
2012-09-11 00:00:00,15.0,118.0,WP,9,Sep,27.18878936767578,29.447105
2012-09-11 00:00:00,15.6,143.2,WP,9,Sep,27.18878936767578,29.65178
2012-09-24 00:00:00,18.7,134.0,WP,9,Sep,27.18878936767578,29.680405
2012-09-25 00:00:00,15.4,112.2,WP,9,Sep,27.18878936767578,29.084656
2012-10-01 00:00:00,18.2,133.7,WP,10,Oct,27.42604637145996,29.22501
2012-10-02 00:00:00,4.0,150.1,WP,10,Oct,27.42604637145996,29.988974
2012-10-08 00:00:00,9.5,146.2,WP,10,Oct,27.42604637145996,29.789413
2012-10-13 00:00:00,-15.1,127.4,SI,10,Oct,27.42604637145996,28.659357
2012-10-19 00:00:00,9.6,126.1,WP,10,Oct,27.42604637145996,29.672272
2012-11-16 00:00:00,10.5,129.0,WP,11,Nov,27.603717803955078,29.318817
2012-12-05 00:00:00,-13.3,69.7,SI,12,Dec,27.61158561706543,27.608679
2013-01-03 00:00:00,11.4,128.9,WP,1,Jan,27.596769332885742,27.824518
2013-01-12 00:00:00,-13.9,171.8,SP,1,Jan,27.596769332885742,29.633398
2013-01-20 00:00:00,-9.8,82.9,SI,1,Jan,27.596769332885742,28.756735
2013-01-22 00:00:00,-14.1,77.8,SI,1,Jan,27.596769332885742,28.04043
2013-01-29 00:00:00,-3.2,159.2,SP,1,Jan,27.596769332885742,30.019205
2013-02-23 00:00:00,-9.1,195.1,SP,2,Feb,27.703096389770508,30.065863
2013-02-28 00:00:00,-10.1,66.6,SI,2,Feb,27.703096389770508,29.231924
2013-03-05 00:00:00,9.1,140.8,WP,3,Mar,27.977951049804688,28.497128
2013-03-12 00:00:00,-12.0,111.0,SI,3,Mar,27.977951049804688,29.600323
2013-03-12 00:00:00,-16.3,151.0,SP,3,Mar,27.977951049804688,29.115347
2013-03-16 00:00:00,-12.3,111.7,SI,3,Mar,27.977951049804688,29.635345
2013-03-25 00:00:00,-6.5,95.3,SI,3,Mar,27.977951049804688,29.646408
2013-03-27 00:00:00,-14.9,58.4,SI,3,Mar,27.977951049804688,29.035135
2013-04-04 00:00:00,-13.7,117.8,SI,4,Apr,28.23428726196289,29.9121
2013-04-10 00:00:00,-8.1,97.9,SI,4,Apr,28.23428726196289,29.754154
2013-04-11 00:00:00,-14.3,127.9,SI,4,Apr,28.23428726196289,30.275623
2013-04-26 00:00:00,-15.5,202.1,SP,4,Apr,28.23428726196289,29.448069
2013-04-28 00:00:00,-22.6,36.2,SI,4,Apr,28.23428726196289,27.886793
2013-05-14 00:00:00,7.6,129.2,WP,5,May,28.187232971191406,29.750998
2013-05-18 00:00:00,-13.6,155.9,SP,5,May,28.187232971191406,28.329153
2013-05-25 00:00:00,6.0,140.0,WP,5,May,28.187232971191406,29.86112
2013-06-02 00:00:00,13.2,141.4,WP,6,Jun,27.80472755432129,29.272964
2013-06-08 00:00:00,-13.2,159.1,SP,6,Jun,27.80472755432129,27.768692
2013-06-23 00:00:00,11.5,133.1,WP,6,Jun,27.80472755432129,29.818771
2013-07-01 00:00:00,8.0,145.0,WP,7,Jul,27.364513397216797,30.010584
2013-07-02 00:00:00,12.5,130.0,WP,7,Jul,27.364513397216797,29.793388
2013-07-18 00:00:00,16.1,131.7,WP,7,Jul,27.364513397216797,29.61271
2013-07-25 00:00:00,19.6,165.2,WP,7,Jul,27.364513397216797,28.1598
2013-08-03 00:00:00,19.0,130.0,WP,8,Aug,27.129961013793945,29.601143
2013-08-06 00:00:00,8.4,134.2,WP,8,Aug,27.129961013793945,29.896795
2013-08-10 00:00:00,17.0,144.7,WP,8,Aug,27.129961013793945,29.563692
2013-08-29 00:00:00,20.8,123.0,WP,8,Aug,27.129961013793945,29.704794
2013-09-06 00:00:00,3.2,153.3,WP,9,Sep,27.182844161987305,29.95538
2013-09-13 00:00:00,12.3,151.6,WP,9,Sep,27.182844161987305,29.719704
2013-09-14 00:00:00,28.6,125.4,WP,9,Sep,27.182844161987305,28.038921
2013-09-22 00:00:00,14.0,136.0,WP,9,Sep,27.182844161987305,29.551615
2013-09-27 00:00:00,16.1,124.5,WP,9,Sep,27.182844161987305,29.492334
2013-10-01 00:00:00,7.0,152.9,WP,10,Oct,27.413911819458008,30.052069
2013-10-10 00:00:00,14.7,137.1,WP,10,Oct,27.413911819458008,29.415813
2013-10-11 00:00:00,10.0,179.9,WP,10,Oct,27.413911819458008,29.834011
2013-10-18 00:00:00,6.3,149.5,WP,10,Oct,27.413911819458008,30.026852
2013-11-02 00:00:00,9.1,152.0,WP,11,Nov,27.5958309173584,29.60368
2013-11-02 00:00:00,-11.6,126.3,SI,11,Nov,27.5958309173584,29.94868
2013-11-16 00:00:00,8.3,133.0,WP,11,Nov,27.5958309173584,29.64979
2013-12-07 00:00:00,-6.2,85.4,SI,12,Dec,27.61780548095703,28.720585
2013-12-10 00:00:00,-10.2,161.8,SP,12,Dec,27.61780548095703,29.725227
2014-01-02 00:00:00,-14.0,54.4,SI,1,Jan,27.601884841918945,28.698792
2014-01-10 00:00:00,-9.5,71.8,SI,1,Jan,27.601884841918945,29.058624
2014-01-11 00:00:00,-11.6,79.7,SI,1,Jan,27.601884841918945,28.544556
2014-01-20 00:00:00,-12.9,182.1,SP,1,Jan,27.601884841918945,29.863392
2014-01-26 00:00:00,-10.9,49.9,SI,1,Jan,27.601884841918945,28.943985
2014-01-30 00:00:00,-7.3,69.1,SI,1,Jan,27.601884841918945,29.21457
2014-02-03 00:00:00,-13.3,162.0,SP,2,Feb,27.704458236694336,29.864325
2014-02-06 00:00:00,-16.0,171.9,SP,2,Feb,27.704458236694336,29.562372
2014-02-13 00:00:00,-12.4,172.9,SP,2,Feb,27.704458236694336,30.0339
2014-02-17 00:00:00,-20.6,42.7,SI,2,Feb,27.704458236694336,30.05457
2014-02-22 00:00:00,-8.2,81.4,SI,2,Feb,27.704458236694336,29.098032
2014-02-28 00:00:00,-13.1,185.7,SP,2,Feb,27.704458236694336,29.949677
2014-03-05 00:00:00,-16.2,178.4,SP,3,Mar,27.966489791870117,29.392124
2014-03-07 00:00:00,-12.3,173.9,SP,3,Mar,27.966489791870117,30.072693
2014-03-14 00:00:00,-14.4,126.4,SI,3,Mar,27.966489791870117,30.520594
2014-03-24 00:00:00,-4.6,92.3,SI,3,Mar,27.966489791870117,29.603914
2014-03-25 00:00:00,-10.7,82.1,SI,3,Mar,27.966489791870117,29.19398
2014-03-31 00:00:00,4.6,173.3,WP,3,Mar,27.966489791870117,28.573126
2014-03-31 00:00:00,6.9,153.6,WP,3,Mar,27.966489791870117,28.806622
2014-04-04 00:00:00,-7.6,84.1,SI,4,Apr,28.219100952148438,29.57151
2014-04-08 00:00:00,-19.3,199.3,SP,4,Apr,28.219100952148438,28.15838
2014-04-11 00:00:00,-15.0,137.1,SI,4,Apr,28.219100952148438,29.915535
2014-04-17 00:00:00,-10.5,62.9,SI,4,Apr,28.219100952148438,29.420813
2014-04-18 00:00:00,-8.5,91.1,SI,4,Apr,28.219100952148438,29.512964
2014-06-14 00:00:00,9.2,140.0,WP,6,Jun,27.806312561035156,29.841986
2014-07-07 00:00:00,1.3,172.0,WP,7,Jul,27.369741439819336,29.27145
2014-07-15 00:00:00,15.8,127.6,WP,7,Jul,27.369741439819336,29.870512
2014-07-19 00:00:00,14.0,148.4,WP,7,Jul,27.369741439819336,29.32833
2014-07-19 00:00:00,13.1,148.8,WP,7,Jul,27.369741439819336,29.36806
2014-07-20 00:00:00,21.8,131.8,WP,7,Jul,27.369741439819336,29.270285
2014-07-23 00:00:00,20.1,151.1,WP,7,Jul,27.369741439819336,28.921825
2014-08-14 00:00:00,19.8,127.0,WP,8,Aug,27.153146743774414,29.75022
2014-09-04 00:00:00,12.9,139.0,WP,9,Sep,27.196081161499023,29.714008
2014-09-07 00:00:00,13.8,147.2,WP,9,Sep,27.196081161499023,29.659622
2014-09-08 00:00:00,18.6,136.1,WP,9,Sep,27.196081161499023,29.61677
2014-09-11 00:00:00,23.5,149.9,WP,9,Sep,27.196081161499023,28.814852
2014-09-19 00:00:00,20.3,119.0,WP,9,Sep,27.196081161499023,29.599152
2014-10-03 00:00:00,17.5,135.6,WP,10,Oct,27.428991317749023,29.467358
2014-10-17 00:00:00,6.4,136.0,WP,10,Oct,27.428991317749023,30.007086
2014-10-25 00:00:00,8.0,145.0,WP,10,Oct,27.428991317749023,30.042995
2014-10-26 00:00:00,21.6,117.5,WP,10,Oct,27.428991317749023,27.897552
2014-11-23 00:00:00,4.8,163.2,WP,11,Nov,27.602338790893555,29.829615
2014-11-25 00:00:00,5.8,182.0,WP,11,Nov,27.602338790893555,29.63122
2014-11-26 00:00:00,13.0,126.0,WP,11,Nov,27.602338790893555,28.844809
2014-12-04 00:00:00,-12.5,104.5,SI,12,Dec,27.604415893554688,28.392395
2014-12-05 00:00:00,-4.6,92.3,SI,12,Dec,27.604415893554688,29.043625
2014-12-07 00:00:00,-11.0,78.0,SI,12,Dec,27.604415893554688,28.148981
2014-12-09 00:00:00,-12.5,125.3,SI,12,Dec,27.604415893554688,30.803642
2014-12-22 00:00:00,-11.0,92.0,SI,12,Dec,27.604415893554688,28.023539
2014-12-31 00:00:00,-7.5,163.0,SP,12,Dec,27.604415893554688,30.142488
